2168,354,1,1
2168,349,1
2168,356,1
2168,366,1
2168,312,1
2168,360,1
2168,363,1
2168,370,1
2168,372,1
2168,331,1
3866,0,1
3866,1,1
3866,2,1
3866,3,1
3866,4,1
3866,5,1
3866,6,1
3866,7,1
3866,8,1
3866,9,1
14829,0,1
14829,1,1
14829,2,1
14829,3,1
14829,4,1
14829,5,1
14829,6,1
14829,7,1
14829,8,1
14829,9,1
13728,0,1
13728,1,1
13728,2,1
13728,3,1
13728,4,1
13728,5,1
13728,6,1
13728,7,1
13728,8,1
13728,9,1
1530,349,1
1530,356,1
1530,354,1
1530,366,1
1530,370,1
1530,372,1
1530,328,1
1530,312,1
1530,360,1
1530,363,1
2262,328,1
2262,331,1
2262,349,1
2262,354,1
2262,326,1
2262,347,1
2262,356,1
2262,335,1
2262,344,1
2262,366,1
14830,0,1
14830,1,1
14830,2,1
14830,3,1
14830,4,1
14830,5,1
14830,6,1
14830,7,1
14830,8,1
14830,9,1
14831,0,1
14831,1,1
14831,2,1
14831,3,1
14831,4,1
14831,5,1
14831,6,1
14831,7,1
14831,8,1
14831,9,1
14832,0,1
14832,1,1
14832,2,1
14832,3,1
14832,4,1
14832,5,1
14832,6,1
14832,7,1
14832,8,1
14832,9,1
3057,356,1
3057,307,1
3057,354,1
3057,349,1
3057,331,1
3057,318,1
3057,328,1
3057,312,1
3057,311,1
3057,363,1
14833,0,1
14833,1,1
14833,2,1
14833,3,1
14833,4,1
14833,5,1
14833,6,1
14833,7,1
14833,8,1
14833,9,1
14834,0,1
14834,1,1
14834,2,1
14834,3,1
14834,4,1
14834,5,1
14834,6,1
14834,7,1
14834,8,1
14834,9,1
14835,0,1
14835,1,1
14835,2,1
14835,3,1
14835,4,1
14835,5,1
14835,6,1
14835,7,1
14835,8,1
14835,9,1
14836,0,1
14836,1,1
14836,2,1
14836,3,1
14836,4,1
14836,5,1
14836,6,1
14836,7,1
14836,8,1
14836,9,1
14837,0,1
14837,1,1
14837,2,1
14837,3,1
14837,4,1
14837,5,1
14837,6,1
14837,7,1
14837,8,1
14837,9,1
14041,204,1
14041,305,1
14041,79,1
14041,354,1
14041,328,1
14041,203,1
14041,7,1
14041,91,1
14041,114,1
14041,118,1
2371,0,1
2371,1,1
2371,2,1
2371,3,1
2371,4,1
2371,5,1
2371,6,1
2371,7,1
2371,8,1
2371,9,1
8139,72,1
8139,120,1
8139,123,1
8139,124,1
8139,126,1
8139,143,1
8139,197,1
8139,208,1
8139,240,1
8139,243,1
8068,349,1
8068,356,1
8068,354,1
8068,366,1
8068,311,1
8068,312,1
8068,363,1
8068,370,1
8068,372,1
8068,318,1
14291,0,1
14291,1,1
14291,2,1
14291,3,1
14291,4,1
14291,5,1
14291,6,1
14291,7,1
14291,8,1
14291,9,1
2249,305,1
2249,306,1
2249,328,1
2249,310,1
2249,331,1
2249,318,1
2249,354,1
2249,124,1
2249,268,1
2249,349,1
14838,0,1
14838,1,1
14838,2,1
14838,3,1
14838,4,1
14838,5,1
14838,6,1
14838,7,1
14838,8,1
14838,9,1
577,305,1
577,306,1
577,310,1
577,124,1
577,240,1
577,126,1
577,123,1
577,143,1
577,328,1
577,197,1
5003,19,1
5003,42,1
5003,106,1
5003,113,1
5003,115,1
5003,131,1
5003,192,1
5003,194,1
5003,204,1
5003,216,1
2141,328,1
2141,331,1
2141,349,1
2141,318,1
2141,354,1
2141,347,1
2141,268,1
2141,326,1
2141,356,1
2141,131,1
15,307,1
15,204,1
15,328,1
15,331,1
15,318,1
15,349,1
15,356,1
15,197,1
15,354,1
15,233,1
13795,0,1
13795,1,1
13795,2,1
13795,3,1
13795,4,1
13795,5,1
13795,6,1
13795,7,1
13795,8,1
13795,9,1
14839,0,1
14839,1,1
14839,2,1
14839,3,1
14839,4,1
14839,5,1
14839,6,1
14839,7,1
14839,8,1
14839,9,1
14063,0,1
14063,1,1
14063,2,1
14063,3,1
14063,4,1
14063,5,1
14063,6,1
14063,7,1
14063,8,1
14063,9,1
14840,0,1
14840,1,1
14840,2,1
14840,3,1
14840,4,1
14840,5,1
14840,6,1
14840,7,1
14840,8,1
14840,9,1
14841,0,1
14841,1,1
14841,2,1
14841,3,1
14841,4,1
14841,5,1
14841,6,1
14841,7,1
14841,8,1
14841,9,1
14842,0,1
14842,1,1
14842,2,1
14842,3,1
14842,4,1
14842,5,1
14842,6,1
14842,7,1
14842,8,1
14842,9,1
14843,0,1
14843,1,1
14843,2,1
14843,3,1
14843,4,1
14843,5,1
14843,6,1
14843,7,1
14843,8,1
14843,9,1
14844,0,1
14844,1,1
14844,2,1
14844,3,1
14844,4,1
14844,5,1
14844,6,1
14844,7,1
14844,8,1
14844,9,1
8339,354,1
8339,356,1
8339,349,1
8339,305,1
8339,326,1
8339,347,1
8339,331,1
8339,328,1
8339,344,1
8339,318,1
13887,354,1
13887,356,1
13887,366,1
13887,363,1
13887,370,1
13887,372,1
13887,349,1
13887,331,1
13887,347,1
13887,328,1
8317,356,1
8317,305,1
8317,354,1
8317,307,1
8317,327,1
8317,344,1
8317,318,1
8317,328,1
8317,366,1
8317,312,1
14845,0,1
14845,1,1
14845,2,1
14845,3,1
14845,4,1
14845,5,1
14845,6,1
14845,7,1
14845,8,1
14845,9,1
14846,0,1
14846,1,1
14846,2,1
14846,3,1
14846,4,1
14846,5,1
14846,6,1
14846,7,1
14846,8,1
14846,9,1
14847,0,1
14847,1,1
14847,2,1
14847,3,1
14847,4,1
14847,5,1
14847,6,1
14847,7,1
14847,8,1
14847,9,1
14848,0,1
14848,1,1
14848,2,1
14848,3,1
14848,4,1
14848,5,1
14848,6,1
14848,7,1
14848,8,1
14848,9,1
14849,0,1
14849,1,1
14849,2,1
14849,3,1
14849,4,1
14849,5,1
14849,6,1
14849,7,1
14849,8,1
14849,9,1
14850,0,1
14850,1,1
14850,2,1
14850,3,1
14850,4,1
14850,5,1
14850,6,1
14850,7,1
14850,8,1
14850,9,1
14851,0,1
14851,1,1
14851,2,1
14851,3,1
14851,4,1
14851,5,1
14851,6,1
14851,7,1
14851,8,1
14851,9,1
14852,0,1
14852,1,1
14852,2,1
14852,3,1
14852,4,1
14852,5,1
14852,6,1
14852,7,1
14852,8,1
14852,9,1
14853,0,1
14853,1,1
14853,2,1
14853,3,1
14853,4,1
14853,5,1
14853,6,1
14853,7,1
14853,8,1
14853,9,1
14854,0,1
14854,1,1
14854,2,1
14854,3,1
14854,4,1
14854,5,1
14854,6,1
14854,7,1
14854,8,1
14854,9,1
4362,349,1
4362,356,1
4362,354,1
4362,363,1
4362,366,1
4362,370,1
4362,372,1
4362,360,1
4362,312,1
4362,311,1
12853,0,1
12853,1,1
12853,2,1
12853,3,1
12853,4,1
12853,5,1
12853,6,1
12853,7,1
12853,8,1
12853,9,1
14855,0,1
14855,1,1
14855,2,1
14855,3,1
14855,4,1
14855,5,1
14855,6,1
14855,7,1
14855,8,1
14855,9,1
14856,0,1
14856,1,1
14856,2,1
14856,3,1
14856,4,1
14856,5,1
14856,6,1
14856,7,1
14856,8,1
14856,9,1
14857,0,1
14857,1,1
14857,2,1
14857,3,1
14857,4,1
14857,5,1
14857,6,1
14857,7,1
14857,8,1
14857,9,1
13695,16,1
13695,25,1
13695,42,1
13695,46,1
13695,93,1
13695,96,1
13695,106,1
13695,115,1
13695,123,1
13695,124,1
14858,0,1
14858,1,1
14858,2,1
14858,3,1
14858,4,1
14858,5,1
14858,6,1
14858,7,1
14858,8,1
14858,9,1
14859,0,1
14859,1,1
14859,2,1
14859,3,1
14859,4,1
14859,5,1
14859,6,1
14859,7,1
14859,8,1
14859,9,1
8356,305,1
8356,328,1
8356,306,1
8356,120,1
8356,307,1
8356,322,1
8356,331,1
8356,327,1
8356,329,1
8356,197,1
8101,0,1
8101,1,1
8101,2,1
8101,3,1
8101,4,1
8101,5,1
8101,6,1
8101,7,1
8101,8,1
8101,9,1
1113,318,1
1113,328,1
1113,331,1
1113,42,1
1113,307,1
1113,349,1
1113,305,1
1113,322,1
1113,327,1
1113,356,1
13171,0,1
13171,1,1
13171,2,1
13171,3,1
13171,4,1
13171,5,1
13171,6,1
13171,7,1
13171,8,1
13171,9,1
428,204,1
428,328,1
428,131,1
428,318,1
428,331,1
428,349,1
428,354,1
428,42,1
428,268,1
428,305,1
14860,0,1
14860,1,1
14860,2,1
14860,3,1
14860,4,1
14860,5,1
14860,6,1
14860,7,1
14860,8,1
14860,9,1
14551,0,1
14551,1,1
14551,2,1
14551,3,1
14551,4,1
14551,5,1
14551,6,1
14551,7,1
14551,8,1
14551,9,1
14861,0,1
14861,1,1
14861,2,1
14861,3,1
14861,4,1
14861,5,1
14861,6,1
14861,7,1
14861,8,1
14861,9,1
565,354,1
565,331,1
565,328,1
565,268,1
565,322,1
565,305,1
565,309,1
565,237,1
565,88,1
565,349,1
9588,354,1
9588,311,1
9588,312,1
9588,356,1
9588,363,1
9588,366,1
9588,370,1
9588,372,1
9588,241,1
9588,326,1
14862,0,1
14862,1,1
14862,2,1
14862,3,1
14862,4,1
14862,5,1
14862,6,1
14862,7,1
14862,8,1
14862,9,1
14863,0,1
14863,1,1
14863,2,1
14863,3,1
14863,4,1
14863,5,1
14863,6,1
14863,7,1
14863,8,1
14863,9,1
10771,0,1
10771,1,1
10771,2,1
10771,3,1
10771,4,1
10771,5,1
10771,6,1
10771,7,1
10771,8,1
10771,9,1
14864,0,1
14864,1,1
14864,2,1
14864,3,1
14864,4,1
14864,5,1
14864,6,1
14864,7,1
14864,8,1
14864,9,1
6307,349,1
6307,356,1
6307,366,1
6307,354,1
6307,312,1
6307,360,1
6307,363,1
6307,370,1
6307,372,1
6307,311,1
14865,0,1
14865,1,1
14865,2,1
14865,3,1
14865,4,1
14865,5,1
14865,6,1
14865,7,1
14865,8,1
14865,9,1
2889,356,1
2889,354,1
2889,312,1
2889,349,1
2889,360,1
2889,363,1
2889,366,1
2889,370,1
2889,372,1
2889,221,1
14537,0,1
14537,1,1
14537,2,1
14537,3,1
14537,4,1
14537,5,1
14537,6,1
14537,7,1
14537,8,1
14537,9,1
14396,0,1
14396,1,1
14396,2,1
14396,3,1
14396,4,1
14396,5,1
14396,6,1
14396,7,1
14396,8,1
14396,9,1
5436,349,1
5436,241,1
5436,312,1
5436,326,1
5436,341,1
5436,344,1
5436,345,1
5436,347,1
5436,354,1
5436,356,1
3004,349,1
3004,328,1
3004,204,1
3004,331,1
3004,347,1
3004,356,1
3004,342,1
3004,318,1
3004,230,1
3004,244,1
14866,0,1
14866,1,1
14866,2,1
14866,3,1
14866,4,1
14866,5,1
14866,6,1
14866,7,1
14866,8,1
14866,9,1
708,318,1
708,328,1
708,331,1
708,305,1
708,327,1
708,306,1
708,349,1
708,230,1
708,326,1
708,347,1
1616,349,1
1616,354,1
1616,356,1
1616,331,1
1616,344,1
1616,326,1
1616,347,1
1616,366,1
1616,328,1
1616,312,1
14235,356,1
14235,366,1
14235,370,1
14235,372,1
14235,349,1
14235,242,1
14235,354,1
14235,311,1
14235,312,1
14235,313,1
14867,0,1
14867,1,1
14867,2,1
14867,3,1
14867,4,1
14867,5,1
14867,6,1
14867,7,1
14867,8,1
14867,9,1
8107,354,1
8107,356,1
8107,349,1
8107,366,1
8107,312,1
8107,363,1
8107,370,1
8107,372,1
8107,360,1
8107,344,1
14868,0,1
14868,1,1
14868,2,1
14868,3,1
14868,4,1
14868,5,1
14868,6,1
14868,7,1
14868,8,1
14868,9,1
14869,0,1
14869,1,1
14869,2,1
14869,3,1
14869,4,1
14869,5,1
14869,6,1
14869,7,1
14869,8,1
14869,9,1
8688,354,1
8688,349,1
8688,356,1
8688,366,1
8688,370,1
8688,372,1
8688,360,1
8688,363,1
8688,312,1
8688,347,1
281,356,1
281,307,1
281,342,1
281,204,1
281,328,1
281,318,1
281,349,1
281,258,1
281,331,1
281,233,1
265,328,1
265,318,1
265,322,1
265,331,1
265,307,1
265,349,1
265,305,1
265,354,1
265,356,1
265,131,1
77,328,1
77,305,1
77,354,1
77,331,1
77,203,1
77,322,1
77,306,1
77,349,1
77,268,1
77,318,1
8557,354,1
8557,356,1
8557,366,1
8557,312,1
8557,363,1
8557,370,1
8557,372,1
8557,326,1
8557,347,1
8557,349,1
11109,0,1
11109,1,1
11109,2,1
11109,3,1
11109,4,1
11109,5,1
11109,6,1
11109,7,1
11109,8,1
11109,9,1
14870,0,1
14870,1,1
14870,2,1
14870,3,1
14870,4,1
14870,5,1
14870,6,1
14870,7,1
14870,8,1
14870,9,1
14871,0,1
14871,1,1
14871,2,1
14871,3,1
14871,4,1
14871,5,1
14871,6,1
14871,7,1
14871,8,1
14871,9,1
14872,0,1
14872,1,1
14872,2,1
14872,3,1
14872,4,1
14872,5,1
14872,6,1
14872,7,1
14872,8,1
14872,9,1
840,249,1
840,328,1
840,11,1
840,0,1
840,305,1
840,99,1
840,205,1
840,331,1
840,322,1
840,349,1
14873,0,1
14873,1,1
14873,2,1
14873,3,1
14873,4,1
14873,5,1
14873,6,1
14873,7,1
14873,8,1
14873,9,1
14874,0,1
14874,1,1
14874,2,1
14874,3,1
14874,4,1
14874,5,1
14874,6,1
14874,7,1
14874,8,1
14874,9,1
3613,42,1
3613,106,1
3613,115,1
3613,131,1
3613,216,1
3613,221,1
3613,241,1
3613,242,1
3613,251,1
3613,268,1
1658,305,1
1658,131,1
1658,335,1
1658,322,1
1658,268,1
1658,328,1
1658,309,1
1658,331,1
1658,354,1
1658,249,1
14875,0,1
14875,1,1
14875,2,1
14875,3,1
14875,4,1
14875,5,1
14875,6,1
14875,7,1
14875,8,1
14875,9,1
14876,0,1
14876,1,1
14876,2,1
14876,3,1
14876,4,1
14876,5,1
14876,6,1
14876,7,1
14876,8,1
14876,9,1
14877,0,1
14877,1,1
14877,2,1
14877,3,1
14877,4,1
14877,5,1
14877,6,1
14877,7,1
14877,8,1
14877,9,1
14878,0,1
14878,1,1
14878,2,1
14878,3,1
14878,4,1
14878,5,1
14878,6,1
14878,7,1
14878,8,1
14878,9,1
13793,0,1
13793,1,1
13793,2,1
13793,3,1
13793,4,1
13793,5,1
13793,6,1
13793,7,1
13793,8,1
13793,9,1
14879,0,1
14879,1,1
14879,2,1
14879,3,1
14879,4,1
14879,5,1
14879,6,1
14879,7,1
14879,8,1
14879,9,1
43,328,1
43,318,1
43,349,1
43,331,1
43,42,1
43,266,1
43,230,1
43,327,1
43,79,1
43,356,1
5904,326,1
5904,347,1
5904,349,1
5904,356,1
5904,241,1
5904,312,1
5904,341,1
5904,344,1
5904,345,1
5904,354,1
14880,0,1
14880,1,1
14880,2,1
14880,3,1
14880,4,1
14880,5,1
14880,6,1
14880,7,1
14880,8,1
14880,9,1
14881,0,1
14881,1,1
14881,2,1
14881,3,1
14881,4,1
14881,5,1
14881,6,1
14881,7,1
14881,8,1
14881,9,1
14882,0,1
14882,1,1
14882,2,1
14882,3,1
14882,4,1
14882,5,1
14882,6,1
14882,7,1
14882,8,1
14882,9,1
14883,0,1
14883,1,1
14883,2,1
14883,3,1
14883,4,1
14883,5,1
14883,6,1
14883,7,1
14883,8,1
14883,9,1
14884,0,1
14884,1,1
14884,2,1
14884,3,1
14884,4,1
14884,5,1
14884,6,1
14884,7,1
14884,8,1
14884,9,1
14885,0,1
14885,1,1
14885,2,1
14885,3,1
14885,4,1
14885,5,1
14885,6,1
14885,7,1
14885,8,1
14885,9,1
13902,0,1
13902,1,1
13902,2,1
13902,3,1
13902,4,1
13902,5,1
13902,6,1
13902,7,1
13902,8,1
13902,9,1
13183,318,1
13183,326,1
13183,327,1
13183,347,1
13183,19,1
13183,42,1
13183,80,1
13183,94,1
13183,106,1
13183,113,1
2219,0,1
2219,1,1
2219,2,1
2219,3,1
2219,4,1
2219,5,1
2219,6,1
2219,7,1
2219,8,1
2219,9,1
254,354,1
254,204,1
254,79,1
254,328,1
254,203,1
254,318,1
254,305,1
254,331,1
254,349,1
254,356,1
14886,0,1
14886,1,1
14886,2,1
14886,3,1
14886,4,1
14886,5,1
14886,6,1
14886,7,1
14886,8,1
14886,9,1
1649,349,1
1649,356,1
1649,354,1
1649,366,1
1649,370,1
1649,372,1
1649,363,1
1649,360,1
1649,312,1
1649,347,1
14887,0,1
14887,1,1
14887,2,1
14887,3,1
14887,4,1
14887,5,1
14887,6,1
14887,7,1
14887,8,1
14887,9,1
13894,0,1
13894,1,1
13894,2,1
13894,3,1
13894,4,1
13894,5,1
13894,6,1
13894,7,1
13894,8,1
13894,9,1
13258,0,1
13258,1,1
13258,2,1
13258,3,1
13258,4,1
13258,5,1
13258,6,1
13258,7,1
13258,8,1
13258,9,1
10992,0,1
10992,1,1
10992,2,1
10992,3,1
10992,4,1
10992,5,1
10992,6,1
10992,7,1
10992,8,1
10992,9,1
14888,0,1
14888,1,1
14888,2,1
14888,3,1
14888,4,1
14888,5,1
14888,6,1
14888,7,1
14888,8,1
14888,9,1
14889,0,1
14889,1,1
14889,2,1
14889,3,1
14889,4,1
14889,5,1
14889,6,1
14889,7,1
14889,8,1
14889,9,1
13048,0,1
13048,1,1
13048,2,1
13048,3,1
13048,4,1
13048,5,1
13048,6,1
13048,7,1
13048,8,1
13048,9,1
2049,318,1
2049,328,1
2049,327,1
2049,349,1
2049,331,1
2049,305,1
2049,326,1
2049,347,1
2049,354,1
2049,329,1
14890,0,1
14890,1,1
14890,2,1
14890,3,1
14890,4,1
14890,5,1
14890,6,1
14890,7,1
14890,8,1
14890,9,1
14891,0,1
14891,1,1
14891,2,1
14891,3,1
14891,4,1
14891,5,1
14891,6,1
14891,7,1
14891,8,1
14891,9,1
14892,0,1
14892,1,1
14892,2,1
14892,3,1
14892,4,1
14892,5,1
14892,6,1
14892,7,1
14892,8,1
14892,9,1
14893,0,1
14893,1,1
14893,2,1
14893,3,1
14893,4,1
14893,5,1
14893,6,1
14893,7,1
14893,8,1
14893,9,1
14894,0,1
14894,1,1
14894,2,1
14894,3,1
14894,4,1
14894,5,1
14894,6,1
14894,7,1
14894,8,1
14894,9,1
8067,0,1
8067,1,1
8067,2,1
8067,3,1
8067,4,1
8067,5,1
8067,6,1
8067,7,1
8067,8,1
8067,9,1
3709,328,1
3709,331,1
3709,335,1
3709,349,1
3709,354,1
3709,241,1
3709,311,1
3709,312,1
3709,326,1
3709,329,1
13260,241,1
13260,311,1
13260,312,1
13260,326,1
13260,328,1
13260,329,1
13260,331,1
13260,335,1
13260,339,1
13260,341,1
13744,0,1
13744,1,1
13744,2,1
13744,3,1
13744,4,1
13744,5,1
13744,6,1
13744,7,1
13744,8,1
13744,9,1
14666,0,1
14666,1,1
14666,2,1
14666,3,1
14666,4,1
14666,5,1
14666,6,1
14666,7,1
14666,8,1
14666,9,1
8872,328,1
8872,305,1
8872,318,1
8872,349,1
8872,131,1
8872,306,1
8872,308,1
8872,322,1
8872,331,1
8872,335,1
10429,0,1
10429,1,1
10429,2,1
10429,3,1
10429,4,1
10429,5,1
10429,6,1
10429,7,1
10429,8,1
10429,9,1
10422,0,1
10422,1,1
10422,2,1
10422,3,1
10422,4,1
10422,5,1
10422,6,1
10422,7,1
10422,8,1
10422,9,1
14166,0,1
14166,1,1
14166,2,1
14166,3,1
14166,4,1
14166,5,1
14166,6,1
14166,7,1
14166,8,1
14166,9,1
1939,305,1
1939,322,1
1939,328,1
1939,331,1
1939,354,1
1939,268,1
1939,309,1
1939,342,1
1939,306,1
1939,307,1
14895,0,1
14895,1,1
14895,2,1
14895,3,1
14895,4,1
14895,5,1
14895,6,1
14895,7,1
14895,8,1
14895,9,1
14077,72,1
14077,322,1
14077,328,1
14077,331,1
14077,87,1
14077,197,1
14077,203,1
14077,305,1
14077,354,1
14077,237,1
14896,0,1
14896,1,1
14896,2,1
14896,3,1
14896,4,1
14896,5,1
14896,6,1
14896,7,1
14896,8,1
14896,9,1
14897,0,1
14897,1,1
14897,2,1
14897,3,1
14897,4,1
14897,5,1
14897,6,1
14897,7,1
14897,8,1
14897,9,1
11389,307,1
11389,356,1
11389,42,1
11389,204,1
11389,318,1
11389,327,1
11389,230,1
11389,266,1
11389,305,1
11389,306,1
557,318,1
557,307,1
557,328,1
557,349,1
557,331,1
557,322,1
557,356,1
557,327,1
557,305,1
557,42,1
8330,356,1
8330,327,1
8330,331,1
8330,318,1
8330,354,1
8330,349,1
8330,307,1
8330,326,1
8330,347,1
8330,328,1
14898,0,1
14898,1,1
14898,2,1
14898,3,1
14898,4,1
14898,5,1
14898,6,1
14898,7,1
14898,8,1
14898,9,1
2858,318,1
2858,305,1
2858,327,1
2858,328,1
2858,331,1
2858,349,1
2858,230,1
2858,306,1
2858,326,1
2858,347,1
14899,0,1
14899,1,1
14899,2,1
14899,3,1
14899,4,1
14899,5,1
14899,6,1
14899,7,1
14899,8,1
14899,9,1
14900,0,1
14900,1,1
14900,2,1
14900,3,1
14900,4,1
14900,5,1
14900,6,1
14900,7,1
14900,8,1
14900,9,1
87,349,1
87,356,1
87,354,1
87,366,1
87,370,1
87,372,1
87,363,1
87,360,1
87,312,1
87,311,1
14901,0,1
14901,1,1
14901,2,1
14901,3,1
14901,4,1
14901,5,1
14901,6,1
14901,7,1
14901,8,1
14901,9,1
14902,0,1
14902,1,1
14902,2,1
14902,3,1
14902,4,1
14902,5,1
14902,6,1
14902,7,1
14902,8,1
14902,9,1
14903,0,1
14903,1,1
14903,2,1
14903,3,1
14903,4,1
14903,5,1
14903,6,1
14903,7,1
14903,8,1
14903,9,1
10032,236,1
10032,199,1
10032,237,1
10032,307,1
10032,342,1
10032,344,1
10032,354,1
10032,0,1
10032,1,1
10032,2,1
14229,311,1
14229,312,1
14229,313,1
14229,356,1
14229,361,1
14229,363,1
14229,364,1
14229,366,1
14229,367,1
14229,369,1
8207,0,1
8207,1,1
8207,2,1
8207,3,1
8207,4,1
8207,5,1
8207,6,1
8207,7,1
8207,8,1
8207,9,1
1302,356,1
1302,354,1
1302,349,1
1302,366,1
1302,326,1
1302,347,1
1302,312,1
1302,311,1
1302,360,1
1302,363,1
14904,0,1
14904,1,1
14904,2,1
14904,3,1
14904,4,1
14904,5,1
14904,6,1
14904,7,1
14904,8,1
14904,9,1
2080,72,1
2080,203,1
2080,305,1
2080,356,1
2080,2,1
2080,16,1
2080,42,1
2080,73,1
2080,87,1
2080,89,1
8069,354,1
8069,349,1
8069,356,1
8069,366,1
8069,370,1
8069,372,1
8069,363,1
8069,360,1
8069,347,1
8069,331,1
8204,0,1
8204,1,1
8204,2,1
8204,3,1
8204,4,1
8204,5,1
8204,6,1
8204,7,1
8204,8,1
8204,9,1
14905,0,1
14905,1,1
14905,2,1
14905,3,1
14905,4,1
14905,5,1
14905,6,1
14905,7,1
14905,8,1
14905,9,1
1518,349,1
1518,356,1
1518,354,1
1518,366,1
1518,370,1
1518,372,1
1518,363,1
1518,360,1
1518,312,1
1518,347,1
1522,349,1
1522,356,1
1522,354,1
1522,366,1
1522,370,1
1522,372,1
1522,363,1
1522,360,1
1522,347,1
1522,312,1
1679,349,1
1679,356,1
1679,354,1
1679,366,1
1679,370,1
1679,372,1
1679,363,1
1679,360,1
1679,312,1
1679,311,1
5939,0,1
5939,1,1
5939,2,1
5939,3,1
5939,4,1
5939,5,1
5939,6,1
5939,7,1
5939,8,1
5939,9,1
65,307,1
65,204,1
65,306,1
65,318,1
65,322,1
65,328,1
65,331,1
65,342,1
65,349,1
65,354,1
1580,0,1
1580,1,1
1580,2,1
1580,3,1
1580,4,1
1580,5,1
1580,6,1
1580,7,1
1580,8,1
1580,9,1
8161,0,1
8161,1,1
8161,2,1
8161,3,1
8161,4,1
8161,5,1
8161,6,1
8161,7,1
8161,8,1
8161,9,1
8079,0,1
8079,1,1
8079,2,1
8079,3,1
8079,4,1
8079,5,1
8079,6,1
8079,7,1
8079,8,1
8079,9,1
8080,0,1
8080,1,1
8080,2,1
8080,3,1
8080,4,1
8080,5,1
8080,6,1
8080,7,1
8080,8,1
8080,9,1
13364,354,1
13364,356,1
13364,349,1
13364,366,1
13364,370,1
13364,372,1
13364,347,1
13364,363,1
13364,360,1
13364,312,1
14906,0,1
14906,1,1
14906,2,1
14906,3,1
14906,4,1
14906,5,1
14906,6,1
14906,7,1
14906,8,1
14906,9,1
14907,0,1
14907,1,1
14907,2,1
14907,3,1
14907,4,1
14907,5,1
14907,6,1
14907,7,1
14907,8,1
14907,9,1
14908,0,1
14908,1,1
14908,2,1
14908,3,1
14908,4,1
14908,5,1
14908,6,1
14908,7,1
14908,8,1
14908,9,1
14909,0,1
14909,1,1
14909,2,1
14909,3,1
14909,4,1
14909,5,1
14909,6,1
14909,7,1
14909,8,1
14909,9,1
7870,311,1
7870,312,1
7870,313,1
7870,356,1
7870,361,1
7870,363,1
7870,364,1
7870,366,1
7870,367,1
7870,369,1
10669,0,1
10669,1,1
10669,2,1
10669,3,1
10669,4,1
10669,5,1
10669,6,1
10669,7,1
10669,8,1
10669,9,1
2056,354,1
2056,356,1
2056,349,1
2056,328,1
2056,331,1
2056,311,1
2056,312,1
2056,360,1
2056,363,1
2056,366,1
10064,0,1
10064,1,1
10064,2,1
10064,3,1
10064,4,1
10064,5,1
10064,6,1
10064,7,1
10064,8,1
10064,9,1
313,204,1
313,305,1
313,328,1
313,205,1
313,318,1
313,322,1
313,34,1
313,230,1
313,231,1
313,198,1
12710,0,1
12710,1,1
12710,2,1
12710,3,1
12710,4,1
12710,5,1
12710,6,1
12710,7,1
12710,8,1
12710,9,1
14910,0,1
14910,1,1
14910,2,1
14910,3,1
14910,4,1
14910,5,1
14910,6,1
14910,7,1
14910,8,1
14910,9,1
14911,0,1
14911,1,1
14911,2,1
14911,3,1
14911,4,1
14911,5,1
14911,6,1
14911,7,1
14911,8,1
14911,9,1
138,0,1
138,1,1
138,2,1
138,3,1
138,4,1
138,5,1
138,6,1
138,7,1
138,8,1
138,9,1
14912,0,1
14912,1,1
14912,2,1
14912,3,1
14912,4,1
14912,5,1
14912,6,1
14912,7,1
14912,8,1
14912,9,1
8694,0,1
8694,1,1
8694,2,1
8694,3,1
8694,4,1
8694,5,1
8694,6,1
8694,7,1
8694,8,1
8694,9,1
13845,0,1
13845,1,1
13845,2,1
13845,3,1
13845,4,1
13845,5,1
13845,6,1
13845,7,1
13845,8,1
13845,9,1
1581,0,1
1581,1,1
1581,2,1
1581,3,1
1581,4,1
1581,5,1
1581,6,1
1581,7,1
1581,8,1
1581,9,1
14913,0,1
14913,1,1
14913,2,1
14913,3,1
14913,4,1
14913,5,1
14913,6,1
14913,7,1
14913,8,1
14913,9,1
1804,307,1
1804,204,1
1804,306,1
1804,305,1
1804,328,1
1804,331,1
1804,310,1
1804,354,1
1804,318,1
1804,342,1
12709,0,1
12709,1,1
12709,2,1
12709,3,1
12709,4,1
12709,5,1
12709,6,1
12709,7,1
12709,8,1
12709,9,1
14285,0,1
14285,1,1
14285,2,1
14285,3,1
14285,4,1
14285,5,1
14285,6,1
14285,7,1
14285,8,1
14285,9,1
914,354,1
914,307,1
914,344,1
914,342,1
914,237,1
914,199,1
914,306,1
914,236,1
914,356,1
914,349,1
14914,0,1
14914,1,1
14914,2,1
14914,3,1
14914,4,1
14914,5,1
14914,6,1
14914,7,1
14914,8,1
14914,9,1
12668,0,1
12668,1,1
12668,2,1
12668,3,1
12668,4,1
12668,5,1
12668,6,1
12668,7,1
12668,8,1
12668,9,1
14915,0,1
14915,1,1
14915,2,1
14915,3,1
14915,4,1
14915,5,1
14915,6,1
14915,7,1
14915,8,1
14915,9,1
14286,356,1
14286,161,1
14286,187,1
14286,188,1
14286,221,1
14286,311,1
14286,312,1
14286,313,1
14286,340,1
14286,349,1
14916,0,1
14916,1,1
14916,2,1
14916,3,1
14916,4,1
14916,5,1
14916,6,1
14916,7,1
14916,8,1
14916,9,1
14917,0,1
14917,1,1
14917,2,1
14917,3,1
14917,4,1
14917,5,1
14917,6,1
14917,7,1
14917,8,1
14917,9,1
2960,0,1
2960,1,1
2960,2,1
2960,3,1
2960,4,1
2960,5,1
2960,6,1
2960,7,1
2960,8,1
2960,9,1
6717,356,1
6717,354,1
6717,349,1
6717,328,1
6717,331,1
6717,305,1
6717,318,1
6717,366,1
6717,221,1
6717,311,1
14918,0,1
14918,1,1
14918,2,1
14918,3,1
14918,4,1
14918,5,1
14918,6,1
14918,7,1
14918,8,1
14918,9,1
11810,356,1
11810,42,1
11810,106,1
11810,115,1
11810,131,1
11810,216,1
11810,221,1
11810,241,1
11810,242,1
11810,249,1
108,349,1
108,356,1
108,354,1
108,366,1
108,370,1
108,372,1
108,363,1
108,360,1
108,242,1
108,312,1
12433,161,1
12433,187,1
12433,188,1
12433,221,1
12433,311,1
12433,312,1
12433,313,1
12433,340,1
12433,349,1
12433,354,1
12652,0,1
12652,1,1
12652,2,1
12652,3,1
12652,4,1
12652,5,1
12652,6,1
12652,7,1
12652,8,1
12652,9,1
2845,329,1
2845,131,1
2845,335,1
2845,327,1
2845,231,1
2845,244,1
2845,354,1
2845,342,1
2845,328,1
2845,42,1
3333,0,1
3333,1,1
3333,2,1
3333,3,1
3333,4,1
3333,5,1
3333,6,1
3333,7,1
3333,8,1
3333,9,1
14919,0,1
14919,1,1
14919,2,1
14919,3,1
14919,4,1
14919,5,1
14919,6,1
14919,7,1
14919,8,1
14919,9,1
26,328,1
26,349,1
26,331,1
26,356,1
26,354,1
26,318,1
26,307,1
26,335,1
26,366,1
26,311,1
14920,0,1
14920,1,1
14920,2,1
14920,3,1
14920,4,1
14920,5,1
14920,6,1
14920,7,1
14920,8,1
14920,9,1
14921,0,1
14921,1,1
14921,2,1
14921,3,1
14921,4,1
14921,5,1
14921,6,1
14921,7,1
14921,8,1
14921,9,1
8304,0,1
8304,1,1
8304,2,1
8304,3,1
8304,4,1
8304,5,1
8304,6,1
8304,7,1
8304,8,1
8304,9,1
14922,0,1
14922,1,1
14922,2,1
14922,3,1
14922,4,1
14922,5,1
14922,6,1
14922,7,1
14922,8,1
14922,9,1
14923,0,1
14923,1,1
14923,2,1
14923,3,1
14923,4,1
14923,5,1
14923,6,1
14923,7,1
14923,8,1
14923,9,1
14924,0,1
14924,1,1
14924,2,1
14924,3,1
14924,4,1
14924,5,1
14924,6,1
14924,7,1
14924,8,1
14924,9,1
921,0,1
921,1,1
921,2,1
921,3,1
921,4,1
921,5,1
921,6,1
921,7,1
921,8,1
921,9,1
14062,318,1
14062,307,1
14062,349,1
14062,328,1
14062,331,1
14062,200,1
14062,322,1
14062,205,1
14062,231,1
14062,327,1
14925,0,1
14925,1,1
14925,2,1
14925,3,1
14925,4,1
14925,5,1
14925,6,1
14925,7,1
14925,8,1
14925,9,1
14926,0,1
14926,1,1
14926,2,1
14926,3,1
14926,4,1
14926,5,1
14926,6,1
14926,7,1
14926,8,1
14926,9,1
14927,0,1
14927,1,1
14927,2,1
14927,3,1
14927,4,1
14927,5,1
14927,6,1
14927,7,1
14927,8,1
14927,9,1
13243,0,1
13243,1,1
13243,2,1
13243,3,1
13243,4,1
13243,5,1
13243,6,1
13243,7,1
13243,8,1
13243,9,1
14928,0,1
14928,1,1
14928,2,1
14928,3,1
14928,4,1
14928,5,1
14928,6,1
14928,7,1
14928,8,1
14928,9,1
14539,0,1
14539,1,1
14539,2,1
14539,3,1
14539,4,1
14539,5,1
14539,6,1
14539,7,1
14539,8,1
14539,9,1
8722,331,1
8722,354,1
8722,349,1
8722,326,1
8722,347,1
8722,344,1
8722,356,1
8722,42,1
8722,249,1
8722,241,1
13505,349,1
13505,356,1
13505,354,1
13505,366,1
13505,312,1
13505,360,1
13505,363,1
13505,370,1
13505,372,1
13505,344,1
14929,0,1
14929,1,1
14929,2,1
14929,3,1
14929,4,1
14929,5,1
14929,6,1
14929,7,1
14929,8,1
14929,9,1
2848,354,1
2848,356,1
2848,305,1
2848,349,1
2848,366,1
2848,312,1
2848,311,1
2848,363,1
2848,370,1
2848,372,1
14930,0,1
14930,1,1
14930,2,1
14930,3,1
14930,4,1
14930,5,1
14930,6,1
14930,7,1
14930,8,1
14930,9,1
9347,0,1
9347,1,1
9347,2,1
9347,3,1
9347,4,1
9347,5,1
9347,6,1
9347,7,1
9347,8,1
9347,9,1
14931,0,1
14931,1,1
14931,2,1
14931,3,1
14931,4,1
14931,5,1
14931,6,1
14931,7,1
14931,8,1
14931,9,1
8075,356,1
8075,354,1
8075,349,1
8075,366,1
8075,370,1
8075,372,1
8075,363,1
8075,360,1
8075,312,1
8075,344,1
1563,349,1
1563,354,1
1563,356,1
1563,366,1
1563,331,1
1563,370,1
1563,372,1
1563,328,1
1563,360,1
1563,363,1
243,42,1
243,369,1
243,204,1
243,0,1
243,1,1
243,5,1
243,7,1
243,26,1
243,27,1
243,32,1
2792,0,1
2792,1,1
2792,2,1
2792,3,1
2792,4,1
2792,5,1
2792,6,1
2792,7,1
2792,8,1
2792,9,1
14932,0,1
14932,1,1
14932,2,1
14932,3,1
14932,4,1
14932,5,1
14932,6,1
14932,7,1
14932,8,1
14932,9,1
9206,0,1
9206,1,1
9206,2,1
9206,3,1
9206,4,1
9206,5,1
9206,6,1
9206,7,1
9206,8,1
9206,9,1
6445,305,1
6445,311,1
6445,312,1
6445,313,1
6445,356,1
6445,361,1
6445,363,1
6445,364,1
6445,366,1
6445,367,1
9200,0,1
9200,1,1
9200,2,1
9200,3,1
9200,4,1
9200,5,1
9200,6,1
9200,7,1
9200,8,1
9200,9,1
232,251,1
232,356,1
232,204,1
232,205,1
232,42,1
232,354,1
232,203,1
232,131,1
232,349,1
232,72,1
2210,356,1
2210,328,1
2210,305,1
2210,331,1
2210,307,1
2210,311,1
2210,312,1
2210,313,1
2210,363,1
2210,366,1
204,356,1
204,354,1
204,349,1
204,204,1
204,311,1
204,312,1
204,360,1
204,363,1
204,366,1
204,370,1
11087,342,1
11087,356,1
11087,0,1
11087,1,1
11087,2,1
11087,3,1
11087,4,1
11087,5,1
11087,6,1
11087,7,1
241,42,1
241,354,1
241,356,1
241,349,1
241,311,1
241,312,1
241,360,1
241,363,1
241,366,1
241,369,1
14933,0,1
14933,1,1
14933,2,1
14933,3,1
14933,4,1
14933,5,1
14933,6,1
14933,7,1
14933,8,1
14933,9,1
402,318,1
402,349,1
402,366,1
402,306,1
402,204,1
402,310,1
402,328,1
402,331,1
402,327,1
402,353,1
2805,0,1
2805,1,1
2805,2,1
2805,3,1
2805,4,1
2805,5,1
2805,6,1
2805,7,1
2805,8,1
2805,9,1
231,356,1
231,354,1
231,349,1
231,311,1
231,312,1
231,360,1
231,363,1
231,366,1
231,370,1
231,372,1
279,0,1
279,1,1
279,2,1
279,3,1
279,4,1
279,5,1
279,6,1
279,7,1
279,8,1
279,9,1
167,356,1
167,311,1
167,312,1
167,349,1
167,354,1
167,360,1
167,363,1
167,366,1
167,370,1
167,372,1
2827,0,1
2827,1,1
2827,2,1
2827,3,1
2827,4,1
2827,5,1
2827,6,1
2827,7,1
2827,8,1
2827,9,1
14092,0,1
14092,1,1
14092,2,1
14092,3,1
14092,4,1
14092,5,1
14092,6,1
14092,7,1
14092,8,1
14092,9,1
14934,0,1
14934,1,1
14934,2,1
14934,3,1
14934,4,1
14934,5,1
14934,6,1
14934,7,1
14934,8,1
14934,9,1
14935,0,1
14935,1,1
14935,2,1
14935,3,1
14935,4,1
14935,5,1
14935,6,1
14935,7,1
14935,8,1
14935,9,1
14936,0,1
14936,1,1
14936,2,1
14936,3,1
14936,4,1
14936,5,1
14936,6,1
14936,7,1
14936,8,1
14936,9,1
7415,0,1
7415,1,1
7415,2,1
7415,3,1
7415,4,1
7415,5,1
7415,6,1
7415,7,1
7415,8,1
7415,9,1
2491,307,1
2491,328,1
2491,305,1
2491,318,1
2491,331,1
2491,204,1
2491,327,1
2491,356,1
2491,42,1
2491,237,1
9510,349,1
9510,354,1
9510,356,1
9510,366,1
9510,370,1
9510,372,1
9510,312,1
9510,360,1
9510,363,1
9510,311,1
3957,354,1
3957,305,1
3957,349,1
3957,356,1
3957,328,1
3957,307,1
3957,322,1
3957,344,1
3957,268,1
3957,366,1
9237,349,1
9237,328,1
9237,331,1
9237,356,1
9237,318,1
9237,354,1
9237,366,1
9237,312,1
9237,363,1
9237,370,1
14937,0,1
14937,1,1
14937,2,1
14937,3,1
14937,4,1
14937,5,1
14937,6,1
14937,7,1
14937,8,1
14937,9,1
1806,328,1
1806,318,1
1806,354,1
1806,307,1
1806,331,1
1806,305,1
1806,342,1
1806,322,1
1806,356,1
1806,349,1
9215,328,1
9215,322,1
9215,318,1
9215,331,1
9215,349,1
9215,205,1
9215,203,1
9215,200,1
9215,202,1
9215,197,1
14938,0,1
14938,1,1
14938,2,1
14938,3,1
14938,4,1
14938,5,1
14938,6,1
14938,7,1
14938,8,1
14938,9,1
14624,0,1
14624,1,1
14624,2,1
14624,3,1
14624,4,1
14624,5,1
14624,6,1
14624,7,1
14624,8,1
14624,9,1
7400,318,1
7400,328,1
7400,331,1
7400,354,1
7400,305,1
7400,307,1
7400,327,1
7400,349,1
7400,322,1
7400,347,1
14939,0,1
14939,1,1
14939,2,1
14939,3,1
14939,4,1
14939,5,1
14939,6,1
14939,7,1
14939,8,1
14939,9,1
14940,0,1
14940,1,1
14940,2,1
14940,3,1
14940,4,1
14940,5,1
14940,6,1
14940,7,1
14940,8,1
14940,9,1
14941,0,1
14941,1,1
14941,2,1
14941,3,1
14941,4,1
14941,5,1
14941,6,1
14941,7,1
14941,8,1
14941,9,1
14942,0,1
14942,1,1
14942,2,1
14942,3,1
14942,4,1
14942,5,1
14942,6,1
14942,7,1
14942,8,1
14942,9,1
14943,0,1
14943,1,1
14943,2,1
14943,3,1
14943,4,1
14943,5,1
14943,6,1
14943,7,1
14943,8,1
14943,9,1
14944,0,1
14944,1,1
14944,2,1
14944,3,1
14944,4,1
14944,5,1
14944,6,1
14944,7,1
14944,8,1
14944,9,1
14945,0,1
14945,1,1
14945,2,1
14945,3,1
14945,4,1
14945,5,1
14945,6,1
14945,7,1
14945,8,1
14945,9,1
14946,0,1
14946,1,1
14946,2,1
14946,3,1
14946,4,1
14946,5,1
14946,6,1
14946,7,1
14946,8,1
14946,9,1
14947,0,1
14947,1,1
14947,2,1
14947,3,1
14947,4,1
14947,5,1
14947,6,1
14947,7,1
14947,8,1
14947,9,1
14948,0,1
14948,1,1
14948,2,1
14948,3,1
14948,4,1
14948,5,1
14948,6,1
14948,7,1
14948,8,1
14948,9,1
14949,0,1
14949,1,1
14949,2,1
14949,3,1
14949,4,1
14949,5,1
14949,6,1
14949,7,1
14949,8,1
14949,9,1
14950,0,1
14950,1,1
14950,2,1
14950,3,1
14950,4,1
14950,5,1
14950,6,1
14950,7,1
14950,8,1
14950,9,1
14951,0,1
14951,1,1
14951,2,1
14951,3,1
14951,4,1
14951,5,1
14951,6,1
14951,7,1
14951,8,1
14951,9,1
14952,0,1
14952,1,1
14952,2,1
14952,3,1
14952,4,1
14952,5,1
14952,6,1
14952,7,1
14952,8,1
14952,9,1
14953,0,1
14953,1,1
14953,2,1
14953,3,1
14953,4,1
14953,5,1
14953,6,1
14953,7,1
14953,8,1
14953,9,1
14954,0,1
14954,1,1
14954,2,1
14954,3,1
14954,4,1
14954,5,1
14954,6,1
14954,7,1
14954,8,1
14954,9,1
14955,0,1
14955,1,1
14955,2,1
14955,3,1
14955,4,1
14955,5,1
14955,6,1
14955,7,1
14955,8,1
14955,9,1
14956,0,1
14956,1,1
14956,2,1
14956,3,1
14956,4,1
14956,5,1
14956,6,1
14956,7,1
14956,8,1
14956,9,1
14957,0,1
14957,1,1
14957,2,1
14957,3,1
14957,4,1
14957,5,1
14957,6,1
14957,7,1
14957,8,1
14957,9,1
14958,0,1
14958,1,1
14958,2,1
14958,3,1
14958,4,1
14958,5,1
14958,6,1
14958,7,1
14958,8,1
14958,9,1
14959,0,1
14959,1,1
14959,2,1
14959,3,1
14959,4,1
14959,5,1
14959,6,1
14959,7,1
14959,8,1
14959,9,1
14960,0,1
14960,1,1
14960,2,1
14960,3,1
14960,4,1
14960,5,1
14960,6,1
14960,7,1
14960,8,1
14960,9,1
14961,0,1
14961,1,1
14961,2,1
14961,3,1
14961,4,1
14961,5,1
14961,6,1
14961,7,1
14961,8,1
14961,9,1
14962,0,1
14962,1,1
14962,2,1
14962,3,1
14962,4,1
14962,5,1
14962,6,1
14962,7,1
14962,8,1
14962,9,1
14963,0,1
14963,1,1
14963,2,1
14963,3,1
14963,4,1
14963,5,1
14963,6,1
14963,7,1
14963,8,1
14963,9,1
14964,0,1
14964,1,1
14964,2,1
14964,3,1
14964,4,1
14964,5,1
14964,6,1
14964,7,1
14964,8,1
14964,9,1
14965,0,1
14965,1,1
14965,2,1
14965,3,1
14965,4,1
14965,5,1
14965,6,1
14965,7,1
14965,8,1
14965,9,1
14966,0,1
14966,1,1
14966,2,1
14966,3,1
14966,4,1
14966,5,1
14966,6,1
14966,7,1
14966,8,1
14966,9,1
66,329,1
66,205,1
66,206,1
66,199,1
66,116,1
66,354,1
66,356,1
66,328,1
66,331,1
66,349,1
14967,0,1
14967,1,1
14967,2,1
14967,3,1
14967,4,1
14967,5,1
14967,6,1
14967,7,1
14967,8,1
14967,9,1
14968,0,1
14968,1,1
14968,2,1
14968,3,1
14968,4,1
14968,5,1
14968,6,1
14968,7,1
14968,8,1
14968,9,1
14969,0,1
14969,1,1
14969,2,1
14969,3,1
14969,4,1
14969,5,1
14969,6,1
14969,7,1
14969,8,1
14969,9,1
4258,327,1
4258,331,1
4258,318,1
4258,326,1
4258,347,1
4258,328,1
4258,349,1
4258,356,1
4258,354,1
4258,307,1
9494,0,1
9494,1,1
9494,2,1
9494,3,1
9494,4,1
9494,5,1
9494,6,1
9494,7,1
9494,8,1
9494,9,1
862,356,1
862,318,1
862,349,1
862,328,1
862,331,1
862,320,1
862,306,1
862,230,1
862,244,1
862,326,1
14970,0,1
14970,1,1
14970,2,1
14970,3,1
14970,4,1
14970,5,1
14970,6,1
14970,7,1
14970,8,1
14970,9,1
14971,0,1
14971,1,1
14971,2,1
14971,3,1
14971,4,1
14971,5,1
14971,6,1
14971,7,1
14971,8,1
14971,9,1
14972,0,1
14972,1,1
14972,2,1
14972,3,1
14972,4,1
14972,5,1
14972,6,1
14972,7,1
14972,8,1
14972,9,1
14973,0,1
14973,1,1
14973,2,1
14973,3,1
14973,4,1
14973,5,1
14973,6,1
14973,7,1
14973,8,1
14973,9,1
14974,0,1
14974,1,1
14974,2,1
14974,3,1
14974,4,1
14974,5,1
14974,6,1
14974,7,1
14974,8,1
14974,9,1
14975,0,1
14975,1,1
14975,2,1
14975,3,1
14975,4,1
14975,5,1
14975,6,1
14975,7,1
14975,8,1
14975,9,1
14976,0,1
14976,1,1
14976,2,1
14976,3,1
14976,4,1
14976,5,1
14976,6,1
14976,7,1
14976,8,1
14976,9,1
14977,0,1
14977,1,1
14977,2,1
14977,3,1
14977,4,1
14977,5,1
14977,6,1
14977,7,1
14977,8,1
14977,9,1
14978,0,1
14978,1,1
14978,2,1
14978,3,1
14978,4,1
14978,5,1
14978,6,1
14978,7,1
14978,8,1
14978,9,1
417,356,1
417,366,1
417,211,1
417,12,1
417,99,1
417,6,1
417,13,1
417,319,1
417,320,1
417,244,1
14979,0,1
14979,1,1
14979,2,1
14979,3,1
14979,4,1
14979,5,1
14979,6,1
14979,7,1
14979,8,1
14979,9,1
14980,0,1
14980,1,1
14980,2,1
14980,3,1
14980,4,1
14980,5,1
14980,6,1
14980,7,1
14980,8,1
14980,9,1
14981,0,1
14981,1,1
14981,2,1
14981,3,1
14981,4,1
14981,5,1
14981,6,1
14981,7,1
14981,8,1
14981,9,1
14982,0,1
14982,1,1
14982,2,1
14982,3,1
14982,4,1
14982,5,1
14982,6,1
14982,7,1
14982,8,1
14982,9,1
14983,0,1
14983,1,1
14983,2,1
14983,3,1
14983,4,1
14983,5,1
14983,6,1
14983,7,1
14983,8,1
14983,9,1
14984,0,1
14984,1,1
14984,2,1
14984,3,1
14984,4,1
14984,5,1
14984,6,1
14984,7,1
14984,8,1
14984,9,1
14985,0,1
14985,1,1
14985,2,1
14985,3,1
14985,4,1
14985,5,1
14985,6,1
14985,7,1
14985,8,1
14985,9,1
14986,0,1
14986,1,1
14986,2,1
14986,3,1
14986,4,1
14986,5,1
14986,6,1
14986,7,1
14986,8,1
14986,9,1
14987,0,1
14987,1,1
14987,2,1
14987,3,1
14987,4,1
14987,5,1
14987,6,1
14987,7,1
14987,8,1
14987,9,1
14988,0,1
14988,1,1
14988,2,1
14988,3,1
14988,4,1
14988,5,1
14988,6,1
14988,7,1
14988,8,1
14988,9,1
14989,0,1
14989,1,1
14989,2,1
14989,3,1
14989,4,1
14989,5,1
14989,6,1
14989,7,1
14989,8,1
14989,9,1
14990,0,1
14990,1,1
14990,2,1
14990,3,1
14990,4,1
14990,5,1
14990,6,1
14990,7,1
14990,8,1
14990,9,1
14991,0,1
14991,1,1
14991,2,1
14991,3,1
14991,4,1
14991,5,1
14991,6,1
14991,7,1
14991,8,1
14991,9,1
14992,0,1
14992,1,1
14992,2,1
14992,3,1
14992,4,1
14992,5,1
14992,6,1
14992,7,1
14992,8,1
14992,9,1
14993,0,1
14993,1,1
14993,2,1
14993,3,1
14993,4,1
14993,5,1
14993,6,1
14993,7,1
14993,8,1
14993,9,1
14994,0,1
14994,1,1
14994,2,1
14994,3,1
14994,4,1
14994,5,1
14994,6,1
14994,7,1
14994,8,1
14994,9,1
14995,0,1
14995,1,1
14995,2,1
14995,3,1
14995,4,1
14995,5,1
14995,6,1
14995,7,1
14995,8,1
14995,9,1
79,328,1
79,354,1
79,331,1
79,268,1
79,344,1
79,237,1
79,349,1
79,308,1
79,356,1
79,309,1
14996,0,1
14996,1,1
14996,2,1
14996,3,1
14996,4,1
14996,5,1
14996,6,1
14996,7,1
14996,8,1
14996,9,1
14997,0,1
14997,1,1
14997,2,1
14997,3,1
14997,4,1
14997,5,1
14997,6,1
14997,7,1
14997,8,1
14997,9,1
14998,0,1
14998,1,1
14998,2,1
14998,3,1
14998,4,1
14998,5,1
14998,6,1
14998,7,1
14998,8,1
14998,9,1
14999,0,1
14999,1,1
14999,2,1
14999,3,1
14999,4,1
14999,5,1
14999,6,1
14999,7,1
14999,8,1
14999,9,1
2507,327,1
2507,326,1
2507,347,1
2507,318,1
2507,305,1
2507,307,1
2507,328,1
2507,306,1
2507,322,1
2507,354,1
15000,0,1
15000,1,1
15000,2,1
15000,3,1
15000,4,1
15000,5,1
15000,6,1
15000,7,1
15000,8,1
15000,9,1
3432,349,1
3432,356,1
3432,354,1
3432,328,1
3432,318,1
3432,366,1
3432,242,1
3432,331,1
3432,370,1
3432,372,1
15001,0,1
15001,1,1
15001,2,1
15001,3,1
15001,4,1
15001,5,1
15001,6,1
15001,7,1
15001,8,1
15001,9,1
14623,0,1
14623,1,1
14623,2,1
14623,3,1
14623,4,1
14623,5,1
14623,6,1
14623,7,1
14623,8,1
14623,9,1
15002,0,1
15002,1,1
15002,2,1
15002,3,1
15002,4,1
15002,5,1
15002,6,1
15002,7,1
15002,8,1
15002,9,1
15003,0,1
15003,1,1
15003,2,1
15003,3,1
15003,4,1
15003,5,1
15003,6,1
15003,7,1
15003,8,1
15003,9,1
309,252,1
309,318,1
309,328,1
309,238,1
309,331,1
309,349,1
309,307,1
309,305,1
309,322,1
309,327,1
15004,0,1
15004,1,1
15004,2,1
15004,3,1
15004,4,1
15004,5,1
15004,6,1
15004,7,1
15004,8,1
15004,9,1
15005,0,1
15005,1,1
15005,2,1
15005,3,1
15005,4,1
15005,5,1
15005,6,1
15005,7,1
15005,8,1
15005,9,1
15006,0,1
15006,1,1
15006,2,1
15006,3,1
15006,4,1
15006,5,1
15006,6,1
15006,7,1
15006,8,1
15006,9,1
14761,0,1
14761,1,1
14761,2,1
14761,3,1
14761,4,1
14761,5,1
14761,6,1
14761,7,1
14761,8,1
14761,9,1
15007,0,1
15007,1,1
15007,2,1
15007,3,1
15007,4,1
15007,5,1
15007,6,1
15007,7,1
15007,8,1
15007,9,1
15008,0,1
15008,1,1
15008,2,1
15008,3,1
15008,4,1
15008,5,1
15008,6,1
15008,7,1
15008,8,1
15008,9,1
15009,0,1
15009,1,1
15009,2,1
15009,3,1
15009,4,1
15009,5,1
15009,6,1
15009,7,1
15009,8,1
15009,9,1
15010,0,1
15010,1,1
15010,2,1
15010,3,1
15010,4,1
15010,5,1
15010,6,1
15010,7,1
15010,8,1
15010,9,1
15011,0,1
15011,1,1
15011,2,1
15011,3,1
15011,4,1
15011,5,1
15011,6,1
15011,7,1
15011,8,1
15011,9,1
15012,0,1
15012,1,1
15012,2,1
15012,3,1
15012,4,1
15012,5,1
15012,6,1
15012,7,1
15012,8,1
15012,9,1
15013,0,1
15013,1,1
15013,2,1
15013,3,1
15013,4,1
15013,5,1
15013,6,1
15013,7,1
15013,8,1
15013,9,1
15014,0,1
15014,1,1
15014,2,1
15014,3,1
15014,4,1
15014,5,1
15014,6,1
15014,7,1
15014,8,1
15014,9,1
14316,311,1
14316,312,1
14316,313,1
14316,356,1
14316,361,1
14316,363,1
14316,364,1
14316,366,1
14316,367,1
14316,369,1
15015,0,1
15015,1,1
15015,2,1
15015,3,1
15015,4,1
15015,5,1
15015,6,1
15015,7,1
15015,8,1
15015,9,1
15016,0,1
15016,1,1
15016,2,1
15016,3,1
15016,4,1
15016,5,1
15016,6,1
15016,7,1
15016,8,1
15016,9,1
1647,349,1
1647,354,1
1647,356,1
1647,366,1
1647,360,1
1647,363,1
1647,370,1
1647,372,1
1647,312,1
1647,311,1
14664,0,1
14664,1,1
14664,2,1
14664,3,1
14664,4,1
14664,5,1
14664,6,1
14664,7,1
14664,8,1
14664,9,1
3474,328,1
3474,331,1
3474,305,1
3474,322,1
3474,268,1
3474,318,1
3474,204,1
3474,349,1
3474,131,1
3474,249,1
15017,0,1
15017,1,1
15017,2,1
15017,3,1
15017,4,1
15017,5,1
15017,6,1
15017,7,1
15017,8,1
15017,9,1
15018,0,1
15018,1,1
15018,2,1
15018,3,1
15018,4,1
15018,5,1
15018,6,1
15018,7,1
15018,8,1
15018,9,1
15019,0,1
15019,1,1
15019,2,1
15019,3,1
15019,4,1
15019,5,1
15019,6,1
15019,7,1
15019,8,1
15019,9,1
15020,0,1
15020,1,1
15020,2,1
15020,3,1
15020,4,1
15020,5,1
15020,6,1
15020,7,1
15020,8,1
15020,9,1
15021,0,1
15021,1,1
15021,2,1
15021,3,1
15021,4,1
15021,5,1
15021,6,1
15021,7,1
15021,8,1
15021,9,1
15022,0,1
15022,1,1
15022,2,1
15022,3,1
15022,4,1
15022,5,1
15022,6,1
15022,7,1
15022,8,1
15022,9,1
15023,0,1
15023,1,1
15023,2,1
15023,3,1
15023,4,1
15023,5,1
15023,6,1
15023,7,1
15023,8,1
15023,9,1
15024,0,1
15024,1,1
15024,2,1
15024,3,1
15024,4,1
15024,5,1
15024,6,1
15024,7,1
15024,8,1
15024,9,1
15025,0,1
15025,1,1
15025,2,1
15025,3,1
15025,4,1
15025,5,1
15025,6,1
15025,7,1
15025,8,1
15025,9,1
15026,0,1
15026,1,1
15026,2,1
15026,3,1
15026,4,1
15026,5,1
15026,6,1
15026,7,1
15026,8,1
15026,9,1
15027,0,1
15027,1,1
15027,2,1
15027,3,1
15027,4,1
15027,5,1
15027,6,1
15027,7,1
15027,8,1
15027,9,1
15028,0,1
15028,1,1
15028,2,1
15028,3,1
15028,4,1
15028,5,1
15028,6,1
15028,7,1
15028,8,1
15028,9,1
15029,0,1
15029,1,1
15029,2,1
15029,3,1
15029,4,1
15029,5,1
15029,6,1
15029,7,1
15029,8,1
15029,9,1
15030,0,1
15030,1,1
15030,2,1
15030,3,1
15030,4,1
15030,5,1
15030,6,1
15030,7,1
15030,8,1
15030,9,1
15031,0,1
15031,1,1
15031,2,1
15031,3,1
15031,4,1
15031,5,1
15031,6,1
15031,7,1
15031,8,1
15031,9,1
15032,0,1
15032,1,1
15032,2,1
15032,3,1
15032,4,1
15032,5,1
15032,6,1
15032,7,1
15032,8,1
15032,9,1
15033,0,1
15033,1,1
15033,2,1
15033,3,1
15033,4,1
15033,5,1
15033,6,1
15033,7,1
15033,8,1
15033,9,1
15034,0,1
15034,1,1
15034,2,1
15034,3,1
15034,4,1
15034,5,1
15034,6,1
15034,7,1
15034,8,1
15034,9,1
8089,349,1
8089,356,1
8089,354,1
8089,366,1
8089,344,1
8089,326,1
8089,347,1
8089,241,1
8089,312,1
8089,341,1
15035,0,1
15035,1,1
15035,2,1
15035,3,1
15035,4,1
15035,5,1
15035,6,1
15035,7,1
15035,8,1
15035,9,1
15036,0,1
15036,1,1
15036,2,1
15036,3,1
15036,4,1
15036,5,1
15036,6,1
15036,7,1
15036,8,1
15036,9,1
15037,0,1
15037,1,1
15037,2,1
15037,3,1
15037,4,1
15037,5,1
15037,6,1
15037,7,1
15037,8,1
15037,9,1
15038,0,1
15038,1,1
15038,2,1
15038,3,1
15038,4,1
15038,5,1
15038,6,1
15038,7,1
15038,8,1
15038,9,1
132,335,1
132,131,1
132,328,1
132,305,1
132,322,1
132,150,1
132,118,1
132,249,1
132,268,1
132,204,1
10647,0,1
10647,1,1
10647,2,1
10647,3,1
10647,4,1
10647,5,1
10647,6,1
10647,7,1
10647,8,1
10647,9,1
15039,0,1
15039,1,1
15039,2,1
15039,3,1
15039,4,1
15039,5,1
15039,6,1
15039,7,1
15039,8,1
15039,9,1
7010,204,1
7010,318,1
7010,328,1
7010,331,1
7010,349,1
7010,0,1
7010,1,1
7010,2,1
7010,3,1
7010,4,1
12975,0,1
12975,1,1
12975,2,1
12975,3,1
12975,4,1
12975,5,1
12975,6,1
12975,7,1
12975,8,1
12975,9,1
15040,0,1
15040,1,1
15040,2,1
15040,3,1
15040,4,1
15040,5,1
15040,6,1
15040,7,1
15040,8,1
15040,9,1
15041,0,1
15041,1,1
15041,2,1
15041,3,1
15041,4,1
15041,5,1
15041,6,1
15041,7,1
15041,8,1
15041,9,1
13806,197,1
13806,236,1
13806,306,1
13806,328,1
13806,311,1
13806,312,1
13806,313,1
13806,356,1
13806,361,1
13806,363,1
15042,0,1
15042,1,1
15042,2,1
15042,3,1
15042,4,1
15042,5,1
15042,6,1
15042,7,1
15042,8,1
15042,9,1
14530,0,1
14530,1,1
14530,2,1
14530,3,1
14530,4,1
14530,5,1
14530,6,1
14530,7,1
14530,8,1
14530,9,1
2919,356,1
2919,354,1
2919,349,1
2919,366,1
2919,370,1
2919,372,1
2919,318,1
2919,242,1
2919,327,1
2919,326,1
15043,0,1
15043,1,1
15043,2,1
15043,3,1
15043,4,1
15043,5,1
15043,6,1
15043,7,1
15043,8,1
15043,9,1
15044,0,1
15044,1,1
15044,2,1
15044,3,1
15044,4,1
15044,5,1
15044,6,1
15044,7,1
15044,8,1
15044,9,1
15045,0,1
15045,1,1
15045,2,1
15045,3,1
15045,4,1
15045,5,1
15045,6,1
15045,7,1
15045,8,1
15045,9,1
15046,0,1
15046,1,1
15046,2,1
15046,3,1
15046,4,1
15046,5,1
15046,6,1
15046,7,1
15046,8,1
15046,9,1
15047,0,1
15047,1,1
15047,2,1
15047,3,1
15047,4,1
15047,5,1
15047,6,1
15047,7,1
15047,8,1
15047,9,1
15048,0,1
15048,1,1
15048,2,1
15048,3,1
15048,4,1
15048,5,1
15048,6,1
15048,7,1
15048,8,1
15048,9,1
15049,0,1
15049,1,1
15049,2,1
15049,3,1
15049,4,1
15049,5,1
15049,6,1
15049,7,1
15049,8,1
15049,9,1
15050,0,1
15050,1,1
15050,2,1
15050,3,1
15050,4,1
15050,5,1
15050,6,1
15050,7,1
15050,8,1
15050,9,1
15051,0,1
15051,1,1
15051,2,1
15051,3,1
15051,4,1
15051,5,1
15051,6,1
15051,7,1
15051,8,1
15051,9,1
15052,0,1
15052,1,1
15052,2,1
15052,3,1
15052,4,1
15052,5,1
15052,6,1
15052,7,1
15052,8,1
15052,9,1
15053,0,1
15053,1,1
15053,2,1
15053,3,1
15053,4,1
15053,5,1
15053,6,1
15053,7,1
15053,8,1
15053,9,1
15054,0,1
15054,1,1
15054,2,1
15054,3,1
15054,4,1
15054,5,1
15054,6,1
15054,7,1
15054,8,1
15054,9,1
15055,0,1
15055,1,1
15055,2,1
15055,3,1
15055,4,1
15055,5,1
15055,6,1
15055,7,1
15055,8,1
15055,9,1
15056,0,1
15056,1,1
15056,2,1
15056,3,1
15056,4,1
15056,5,1
15056,6,1
15056,7,1
15056,8,1
15056,9,1
15057,0,1
15057,1,1
15057,2,1
15057,3,1
15057,4,1
15057,5,1
15057,6,1
15057,7,1
15057,8,1
15057,9,1
2645,0,1
2645,1,1
2645,2,1
2645,3,1
2645,4,1
2645,5,1
2645,6,1
2645,7,1
2645,8,1
2645,9,1
15058,0,1
15058,1,1
15058,2,1
15058,3,1
15058,4,1
15058,5,1
15058,6,1
15058,7,1
15058,8,1
15058,9,1
15059,0,1
15059,1,1
15059,2,1
15059,3,1
15059,4,1
15059,5,1
15059,6,1
15059,7,1
15059,8,1
15059,9,1
15060,0,1
15060,1,1
15060,2,1
15060,3,1
15060,4,1
15060,5,1
15060,6,1
15060,7,1
15060,8,1
15060,9,1
15061,0,1
15061,1,1
15061,2,1
15061,3,1
15061,4,1
15061,5,1
15061,6,1
15061,7,1
15061,8,1
15061,9,1
15062,0,1
15062,1,1
15062,2,1
15062,3,1
15062,4,1
15062,5,1
15062,6,1
15062,7,1
15062,8,1
15062,9,1
15063,0,1
15063,1,1
15063,2,1
15063,3,1
15063,4,1
15063,5,1
15063,6,1
15063,7,1
15063,8,1
15063,9,1
15064,0,1
15064,1,1
15064,2,1
15064,3,1
15064,4,1
15064,5,1
15064,6,1
15064,7,1
15064,8,1
15064,9,1
10659,0,1
10659,1,1
10659,2,1
10659,3,1
10659,4,1
10659,5,1
10659,6,1
10659,7,1
10659,8,1
10659,9,1
13818,0,1
13818,1,1
13818,2,1
13818,3,1
13818,4,1
13818,5,1
13818,6,1
13818,7,1
13818,8,1
13818,9,1
15065,0,1
15065,1,1
15065,2,1
15065,3,1
15065,4,1
15065,5,1
15065,6,1
15065,7,1
15065,8,1
15065,9,1
15066,0,1
15066,1,1
15066,2,1
15066,3,1
15066,4,1
15066,5,1
15066,6,1
15066,7,1
15066,8,1
15066,9,1
15067,0,1
15067,1,1
15067,2,1
15067,3,1
15067,4,1
15067,5,1
15067,6,1
15067,7,1
15067,8,1
15067,9,1
5727,0,1
5727,1,1
5727,2,1
5727,3,1
5727,4,1
5727,5,1
5727,6,1
5727,7,1
5727,8,1
5727,9,1
15068,0,1
15068,1,1
15068,2,1
15068,3,1
15068,4,1
15068,5,1
15068,6,1
15068,7,1
15068,8,1
15068,9,1
15069,0,1
15069,1,1
15069,2,1
15069,3,1
15069,4,1
15069,5,1
15069,6,1
15069,7,1
15069,8,1
15069,9,1
15070,0,1
15070,1,1
15070,2,1
15070,3,1
15070,4,1
15070,5,1
15070,6,1
15070,7,1
15070,8,1
15070,9,1
15071,0,1
15071,1,1
15071,2,1
15071,3,1
15071,4,1
15071,5,1
15071,6,1
15071,7,1
15071,8,1
15071,9,1
15072,0,1
15072,1,1
15072,2,1
15072,3,1
15072,4,1
15072,5,1
15072,6,1
15072,7,1
15072,8,1
15072,9,1
11420,0,1
11420,1,1
11420,2,1
11420,3,1
11420,4,1
11420,5,1
11420,6,1
11420,7,1
11420,8,1
11420,9,1
15073,0,1
15073,1,1
15073,2,1
15073,3,1
15073,4,1
15073,5,1
15073,6,1
15073,7,1
15073,8,1
15073,9,1
15074,0,1
15074,1,1
15074,2,1
15074,3,1
15074,4,1
15074,5,1
15074,6,1
15074,7,1
15074,8,1
15074,9,1
15075,0,1
15075,1,1
15075,2,1
15075,3,1
15075,4,1
15075,5,1
15075,6,1
15075,7,1
15075,8,1
15075,9,1
15076,0,1
15076,1,1
15076,2,1
15076,3,1
15076,4,1
15076,5,1
15076,6,1
15076,7,1
15076,8,1
15076,9,1
5713,0,1
5713,1,1
5713,2,1
5713,3,1
5713,4,1
5713,5,1
5713,6,1
5713,7,1
5713,8,1
5713,9,1
5715,0,1
5715,1,1
5715,2,1
5715,3,1
5715,4,1
5715,5,1
5715,6,1
5715,7,1
5715,8,1
5715,9,1
12904,0,1
12904,1,1
12904,2,1
12904,3,1
12904,4,1
12904,5,1
12904,6,1
12904,7,1
12904,8,1
12904,9,1
15077,0,1
15077,1,1
15077,2,1
15077,3,1
15077,4,1
15077,5,1
15077,6,1
15077,7,1
15077,8,1
15077,9,1
15078,0,1
15078,1,1
15078,2,1
15078,3,1
15078,4,1
15078,5,1
15078,6,1
15078,7,1
15078,8,1
15078,9,1
15079,0,1
15079,1,1
15079,2,1
15079,3,1
15079,4,1
15079,5,1
15079,6,1
15079,7,1
15079,8,1
15079,9,1
2469,312,1
2469,349,1
2469,354,1
2469,356,1
2469,360,1
2469,363,1
2469,366,1
2469,370,1
2469,372,1
2469,19,1
15080,0,1
15080,1,1
15080,2,1
15080,3,1
15080,4,1
15080,5,1
15080,6,1
15080,7,1
15080,8,1
15080,9,1
15081,0,1
15081,1,1
15081,2,1
15081,3,1
15081,4,1
15081,5,1
15081,6,1
15081,7,1
15081,8,1
15081,9,1
13210,0,1
13210,1,1
13210,2,1
13210,3,1
13210,4,1
13210,5,1
13210,6,1
13210,7,1
13210,8,1
13210,9,1
15082,0,1
15082,1,1
15082,2,1
15082,3,1
15082,4,1
15082,5,1
15082,6,1
15082,7,1
15082,8,1
15082,9,1
15083,0,1
15083,1,1
15083,2,1
15083,3,1
15083,4,1
15083,5,1
15083,6,1
15083,7,1
15083,8,1
15083,9,1
15084,0,1
15084,1,1
15084,2,1
15084,3,1
15084,4,1
15084,5,1
15084,6,1
15084,7,1
15084,8,1
15084,9,1
15085,0,1
15085,1,1
15085,2,1
15085,3,1
15085,4,1
15085,5,1
15085,6,1
15085,7,1
15085,8,1
15085,9,1
13208,0,1
13208,1,1
13208,2,1
13208,3,1
13208,4,1
13208,5,1
13208,6,1
13208,7,1
13208,8,1
13208,9,1
15086,0,1
15086,1,1
15086,2,1
15086,3,1
15086,4,1
15086,5,1
15086,6,1
15086,7,1
15086,8,1
15086,9,1
15087,0,1
15087,1,1
15087,2,1
15087,3,1
15087,4,1
15087,5,1
15087,6,1
15087,7,1
15087,8,1
15087,9,1
10100,311,1
10100,312,1
10100,313,1
10100,349,1
10100,354,1
10100,356,1
10100,360,1
10100,361,1
10100,363,1
10100,364,1
15088,0,1
15088,1,1
15088,2,1
15088,3,1
15088,4,1
15088,5,1
15088,6,1
15088,7,1
15088,8,1
15088,9,1
13218,0,1
13218,1,1
13218,2,1
13218,3,1
13218,4,1
13218,5,1
13218,6,1
13218,7,1
13218,8,1
13218,9,1
15089,0,1
15089,1,1
15089,2,1
15089,3,1
15089,4,1
15089,5,1
15089,6,1
15089,7,1
15089,8,1
15089,9,1
15090,0,1
15090,1,1
15090,2,1
15090,3,1
15090,4,1
15090,5,1
15090,6,1
15090,7,1
15090,8,1
15090,9,1
15091,0,1
15091,1,1
15091,2,1
15091,3,1
15091,4,1
15091,5,1
15091,6,1
15091,7,1
15091,8,1
15091,9,1
15092,0,1
15092,1,1
15092,2,1
15092,3,1
15092,4,1
15092,5,1
15092,6,1
15092,7,1
15092,8,1
15092,9,1
15093,0,1
15093,1,1
15093,2,1
15093,3,1
15093,4,1
15093,5,1
15093,6,1
15093,7,1
15093,8,1
15093,9,1
3599,349,1
3599,312,1
3599,354,1
3599,356,1
3599,360,1
3599,363,1
3599,366,1
3599,370,1
3599,372,1
3599,19,1
15094,0,1
15094,1,1
15094,2,1
15094,3,1
15094,4,1
15094,5,1
15094,6,1
15094,7,1
15094,8,1
15094,9,1
13213,0,1
13213,1,1
13213,2,1
13213,3,1
13213,4,1
13213,5,1
13213,6,1
13213,7,1
13213,8,1
13213,9,1
15095,0,1
15095,1,1
15095,2,1
15095,3,1
15095,4,1
15095,5,1
15095,6,1
15095,7,1
15095,8,1
15095,9,1
15096,0,1
15096,1,1
15096,2,1
15096,3,1
15096,4,1
15096,5,1
15096,6,1
15096,7,1
15096,8,1
15096,9,1
15097,0,1
15097,1,1
15097,2,1
15097,3,1
15097,4,1
15097,5,1
15097,6,1
15097,7,1
15097,8,1
15097,9,1
13212,0,1
13212,1,1
13212,2,1
13212,3,1
13212,4,1
13212,5,1
13212,6,1
13212,7,1
13212,8,1
13212,9,1
15098,0,1
15098,1,1
15098,2,1
15098,3,1
15098,4,1
15098,5,1
15098,6,1
15098,7,1
15098,8,1
15098,9,1
15099,0,1
15099,1,1
15099,2,1
15099,3,1
15099,4,1
15099,5,1
15099,6,1
15099,7,1
15099,8,1
15099,9,1
15100,0,1
15100,1,1
15100,2,1
15100,3,1
15100,4,1
15100,5,1
15100,6,1
15100,7,1
15100,8,1
15100,9,1
15101,0,1
15101,1,1
15101,2,1
15101,3,1
15101,4,1
15101,5,1
15101,6,1
15101,7,1
15101,8,1
15101,9,1
15102,0,1
15102,1,1
15102,2,1
15102,3,1
15102,4,1
15102,5,1
15102,6,1
15102,7,1
15102,8,1
15102,9,1
15103,0,1
15103,1,1
15103,2,1
15103,3,1
15103,4,1
15103,5,1
15103,6,1
15103,7,1
15103,8,1
15103,9,1
15104,0,1
15104,1,1
15104,2,1
15104,3,1
15104,4,1
15104,5,1
15104,6,1
15104,7,1
15104,8,1
15104,9,1
15105,0,1
15105,1,1
15105,2,1
15105,3,1
15105,4,1
15105,5,1
15105,6,1
15105,7,1
15105,8,1
15105,9,1
13230,0,1
13230,1,1
13230,2,1
13230,3,1
13230,4,1
13230,5,1
13230,6,1
13230,7,1
13230,8,1
13230,9,1
13220,0,1
13220,1,1
13220,2,1
13220,3,1
13220,4,1
13220,5,1
13220,6,1
13220,7,1
13220,8,1
13220,9,1
15106,0,1
15106,1,1
15106,2,1
15106,3,1
15106,4,1
15106,5,1
15106,6,1
15106,7,1
15106,8,1
15106,9,1
15107,0,1
15107,1,1
15107,2,1
15107,3,1
15107,4,1
15107,5,1
15107,6,1
15107,7,1
15107,8,1
15107,9,1
8092,356,1
8092,312,1
8092,363,1
8092,366,1
8092,370,1
8092,372,1
8092,354,1
8092,349,1
8092,360,1
8092,344,1
14426,0,1
14426,1,1
14426,2,1
14426,3,1
14426,4,1
14426,5,1
14426,6,1
14426,7,1
14426,8,1
14426,9,1
15108,0,1
15108,1,1
15108,2,1
15108,3,1
15108,4,1
15108,5,1
15108,6,1
15108,7,1
15108,8,1
15108,9,1
15109,0,1
15109,1,1
15109,2,1
15109,3,1
15109,4,1
15109,5,1
15109,6,1
15109,7,1
15109,8,1
15109,9,1
15110,0,1
15110,1,1
15110,2,1
15110,3,1
15110,4,1
15110,5,1
15110,6,1
15110,7,1
15110,8,1
15110,9,1
15111,0,1
15111,1,1
15111,2,1
15111,3,1
15111,4,1
15111,5,1
15111,6,1
15111,7,1
15111,8,1
15111,9,1
15112,0,1
15112,1,1
15112,2,1
15112,3,1
15112,4,1
15112,5,1
15112,6,1
15112,7,1
15112,8,1
15112,9,1
15113,0,1
15113,1,1
15113,2,1
15113,3,1
15113,4,1
15113,5,1
15113,6,1
15113,7,1
15113,8,1
15113,9,1
15114,0,1
15114,1,1
15114,2,1
15114,3,1
15114,4,1
15114,5,1
15114,6,1
15114,7,1
15114,8,1
15114,9,1
15115,0,1
15115,1,1
15115,2,1
15115,3,1
15115,4,1
15115,5,1
15115,6,1
15115,7,1
15115,8,1
15115,9,1
15116,0,1
15116,1,1
15116,2,1
15116,3,1
15116,4,1
15116,5,1
15116,6,1
15116,7,1
15116,8,1
15116,9,1
15117,0,1
15117,1,1
15117,2,1
15117,3,1
15117,4,1
15117,5,1
15117,6,1
15117,7,1
15117,8,1
15117,9,1
15118,0,1
15118,1,1
15118,2,1
15118,3,1
15118,4,1
15118,5,1
15118,6,1
15118,7,1
15118,8,1
15118,9,1
15119,0,1
15119,1,1
15119,2,1
15119,3,1
15119,4,1
15119,5,1
15119,6,1
15119,7,1
15119,8,1
15119,9,1
15120,0,1
15120,1,1
15120,2,1
15120,3,1
15120,4,1
15120,5,1
15120,6,1
15120,7,1
15120,8,1
15120,9,1
15121,0,1
15121,1,1
15121,2,1
15121,3,1
15121,4,1
15121,5,1
15121,6,1
15121,7,1
15121,8,1
15121,9,1
15122,0,1
15122,1,1
15122,2,1
15122,3,1
15122,4,1
15122,5,1
15122,6,1
15122,7,1
15122,8,1
15122,9,1
15123,0,1
15123,1,1
15123,2,1
15123,3,1
15123,4,1
15123,5,1
15123,6,1
15123,7,1
15123,8,1
15123,9,1
15124,0,1
15124,1,1
15124,2,1
15124,3,1
15124,4,1
15124,5,1
15124,6,1
15124,7,1
15124,8,1
15124,9,1
15125,0,1
15125,1,1
15125,2,1
15125,3,1
15125,4,1
15125,5,1
15125,6,1
15125,7,1
15125,8,1
15125,9,1
15126,0,1
15126,1,1
15126,2,1
15126,3,1
15126,4,1
15126,5,1
15126,6,1
15126,7,1
15126,8,1
15126,9,1
5870,0,1
5870,1,1
5870,2,1
5870,3,1
5870,4,1
5870,5,1
5870,6,1
5870,7,1
5870,8,1
5870,9,1
10446,328,1
10446,354,1
10446,356,1
10446,305,1
10446,307,1
10446,331,1
10446,342,1
10446,268,1
10446,309,1
10446,322,1
4402,0,1
4402,1,1
4402,2,1
4402,3,1
4402,4,1
4402,5,1
4402,6,1
4402,7,1
4402,8,1
4402,9,1
15127,0,1
15127,1,1
15127,2,1
15127,3,1
15127,4,1
15127,5,1
15127,6,1
15127,7,1
15127,8,1
15127,9,1
15128,0,1
15128,1,1
15128,2,1
15128,3,1
15128,4,1
15128,5,1
15128,6,1
15128,7,1
15128,8,1
15128,9,1
15129,0,1
15129,1,1
15129,2,1
15129,3,1
15129,4,1
15129,5,1
15129,6,1
15129,7,1
15129,8,1
15129,9,1
15130,0,1
15130,1,1
15130,2,1
15130,3,1
15130,4,1
15130,5,1
15130,6,1
15130,7,1
15130,8,1
15130,9,1
2250,236,1
2250,119,1
2250,203,1
2250,204,1
2250,206,1
2250,229,1
2250,254,1
2250,45,1
2250,88,1
2250,93,1
15131,0,1
15131,1,1
15131,2,1
15131,3,1
15131,4,1
15131,5,1
15131,6,1
15131,7,1
15131,8,1
15131,9,1
15132,0,1
15132,1,1
15132,2,1
15132,3,1
15132,4,1
15132,5,1
15132,6,1
15132,7,1
15132,8,1
15132,9,1
15133,0,1
15133,1,1
15133,2,1
15133,3,1
15133,4,1
15133,5,1
15133,6,1
15133,7,1
15133,8,1
15133,9,1
15134,0,1
15134,1,1
15134,2,1
15134,3,1
15134,4,1
15134,5,1
15134,6,1
15134,7,1
15134,8,1
15134,9,1
15135,0,1
15135,1,1
15135,2,1
15135,3,1
15135,4,1
15135,5,1
15135,6,1
15135,7,1
15135,8,1
15135,9,1
15136,0,1
15136,1,1
15136,2,1
15136,3,1
15136,4,1
15136,5,1
15136,6,1
15136,7,1
15136,8,1
15136,9,1
15137,0,1
15137,1,1
15137,2,1
15137,3,1
15137,4,1
15137,5,1
15137,6,1
15137,7,1
15137,8,1
15137,9,1
15138,0,1
15138,1,1
15138,2,1
15138,3,1
15138,4,1
15138,5,1
15138,6,1
15138,7,1
15138,8,1
15138,9,1
12762,0,1
12762,1,1
12762,2,1
12762,3,1
12762,4,1
12762,5,1
12762,6,1
12762,7,1
12762,8,1
12762,9,1
15139,0,1
15139,1,1
15139,2,1
15139,3,1
15139,4,1
15139,5,1
15139,6,1
15139,7,1
15139,8,1
15139,9,1
5438,0,1
5438,1,1
5438,2,1
5438,3,1
5438,4,1
5438,5,1
5438,6,1
5438,7,1
5438,8,1
5438,9,1
15140,0,1
15140,1,1
15140,2,1
15140,3,1
15140,4,1
15140,5,1
15140,6,1
15140,7,1
15140,8,1
15140,9,1
4946,305,1
4946,354,1
4946,328,1
4946,349,1
4946,356,1
4946,268,1
4946,131,1
4946,331,1
4946,363,1
4946,366,1
15141,0,1
15141,1,1
15141,2,1
15141,3,1
15141,4,1
15141,5,1
15141,6,1
15141,7,1
15141,8,1
15141,9,1
15142,0,1
15142,1,1
15142,2,1
15142,3,1
15142,4,1
15142,5,1
15142,6,1
15142,7,1
15142,8,1
15142,9,1
15143,0,1
15143,1,1
15143,2,1
15143,3,1
15143,4,1
15143,5,1
15143,6,1
15143,7,1
15143,8,1
15143,9,1
1591,305,1
1591,328,1
1591,354,1
1591,331,1
1591,318,1
1591,349,1
1591,322,1
1591,327,1
1591,268,1
1591,307,1
15144,0,1
15144,1,1
15144,2,1
15144,3,1
15144,4,1
15144,5,1
15144,6,1
15144,7,1
15144,8,1
15144,9,1
15145,0,1
15145,1,1
15145,2,1
15145,3,1
15145,4,1
15145,5,1
15145,6,1
15145,7,1
15145,8,1
15145,9,1
15146,0,1
15146,1,1
15146,2,1
15146,3,1
15146,4,1
15146,5,1
15146,6,1
15146,7,1
15146,8,1
15146,9,1
15147,0,1
15147,1,1
15147,2,1
15147,3,1
15147,4,1
15147,5,1
15147,6,1
15147,7,1
15147,8,1
15147,9,1
895,312,1
895,306,1
895,236,1
895,212,1
895,349,1
895,318,1
895,328,1
895,354,1
895,331,1
895,366,1
15148,0,1
15148,1,1
15148,2,1
15148,3,1
15148,4,1
15148,5,1
15148,6,1
15148,7,1
15148,8,1
15148,9,1
15149,0,1
15149,1,1
15149,2,1
15149,3,1
15149,4,1
15149,5,1
15149,6,1
15149,7,1
15149,8,1
15149,9,1
15150,0,1
15150,1,1
15150,2,1
15150,3,1
15150,4,1
15150,5,1
15150,6,1
15150,7,1
15150,8,1
15150,9,1
15151,0,1
15151,1,1
15151,2,1
15151,3,1
15151,4,1
15151,5,1
15151,6,1
15151,7,1
15151,8,1
15151,9,1
15152,0,1
15152,1,1
15152,2,1
15152,3,1
15152,4,1
15152,5,1
15152,6,1
15152,7,1
15152,8,1
15152,9,1
15153,0,1
15153,1,1
15153,2,1
15153,3,1
15153,4,1
15153,5,1
15153,6,1
15153,7,1
15153,8,1
15153,9,1
15154,0,1
15154,1,1
15154,2,1
15154,3,1
15154,4,1
15154,5,1
15154,6,1
15154,7,1
15154,8,1
15154,9,1
15155,0,1
15155,1,1
15155,2,1
15155,3,1
15155,4,1
15155,5,1
15155,6,1
15155,7,1
15155,8,1
15155,9,1
15156,0,1
15156,1,1
15156,2,1
15156,3,1
15156,4,1
15156,5,1
15156,6,1
15156,7,1
15156,8,1
15156,9,1
2868,328,1
2868,318,1
2868,305,1
2868,307,1
2868,306,1
2868,349,1
2868,331,1
2868,356,1
2868,322,1
2868,131,1
8183,0,1
8183,1,1
8183,2,1
8183,3,1
8183,4,1
8183,5,1
8183,6,1
8183,7,1
8183,8,1
8183,9,1
15157,0,1
15157,1,1
15157,2,1
15157,3,1
15157,4,1
15157,5,1
15157,6,1
15157,7,1
15157,8,1
15157,9,1
15158,0,1
15158,1,1
15158,2,1
15158,3,1
15158,4,1
15158,5,1
15158,6,1
15158,7,1
15158,8,1
15158,9,1
8385,0,1
8385,1,1
8385,2,1
8385,3,1
8385,4,1
8385,5,1
8385,6,1
8385,7,1
8385,8,1
8385,9,1
15159,0,1
15159,1,1
15159,2,1
15159,3,1
15159,4,1
15159,5,1
15159,6,1
15159,7,1
15159,8,1
15159,9,1
2782,305,1
2782,131,1
2782,335,1
2782,318,1
2782,354,1
2782,326,1
2782,327,1
2782,347,1
2782,344,1
2782,307,1
922,318,1
922,356,1
922,349,1
922,328,1
922,331,1
922,326,1
922,327,1
922,347,1
922,42,1
922,354,1
15160,0,1
15160,1,1
15160,2,1
15160,3,1
15160,4,1
15160,5,1
15160,6,1
15160,7,1
15160,8,1
15160,9,1
7597,0,1
7597,1,1
7597,2,1
7597,3,1
7597,4,1
7597,5,1
7597,6,1
7597,7,1
7597,8,1
7597,9,1
15161,0,1
15161,1,1
15161,2,1
15161,3,1
15161,4,1
15161,5,1
15161,6,1
15161,7,1
15161,8,1
15161,9,1
7177,318,1
7177,231,1
7177,328,1
7177,331,1
7177,349,1
7177,282,1
7177,205,1
7177,207,1
7177,120,1
7177,179,1
2874,356,1
2874,354,1
2874,221,1
2874,311,1
2874,312,1
2874,349,1
2874,360,1
2874,363,1
2874,366,1
2874,370,1
15162,0,1
15162,1,1
15162,2,1
15162,3,1
15162,4,1
15162,5,1
15162,6,1
15162,7,1
15162,8,1
15162,9,1
15163,0,1
15163,1,1
15163,2,1
15163,3,1
15163,4,1
15163,5,1
15163,6,1
15163,7,1
15163,8,1
15163,9,1
15164,0,1
15164,1,1
15164,2,1
15164,3,1
15164,4,1
15164,5,1
15164,6,1
15164,7,1
15164,8,1
15164,9,1
15165,0,1
15165,1,1
15165,2,1
15165,3,1
15165,4,1
15165,5,1
15165,6,1
15165,7,1
15165,8,1
15165,9,1
15166,0,1
15166,1,1
15166,2,1
15166,3,1
15166,4,1
15166,5,1
15166,6,1
15166,7,1
15166,8,1
15166,9,1
15167,0,1
15167,1,1
15167,2,1
15167,3,1
15167,4,1
15167,5,1
15167,6,1
15167,7,1
15167,8,1
15167,9,1
15168,0,1
15168,1,1
15168,2,1
15168,3,1
15168,4,1
15168,5,1
15168,6,1
15168,7,1
15168,8,1
15168,9,1
15169,0,1
15169,1,1
15169,2,1
15169,3,1
15169,4,1
15169,5,1
15169,6,1
15169,7,1
15169,8,1
15169,9,1
15170,0,1
15170,1,1
15170,2,1
15170,3,1
15170,4,1
15170,5,1
15170,6,1
15170,7,1
15170,8,1
15170,9,1
15171,0,1
15171,1,1
15171,2,1
15171,3,1
15171,4,1
15171,5,1
15171,6,1
15171,7,1
15171,8,1
15171,9,1
2461,356,1
2461,354,1
2461,349,1
2461,312,1
2461,363,1
2461,366,1
2461,370,1
2461,372,1
2461,360,1
2461,347,1
15172,0,1
15172,1,1
15172,2,1
15172,3,1
15172,4,1
15172,5,1
15172,6,1
15172,7,1
15172,8,1
15172,9,1
15173,0,1
15173,1,1
15173,2,1
15173,3,1
15173,4,1
15173,5,1
15173,6,1
15173,7,1
15173,8,1
15173,9,1
5929,0,1
5929,1,1
5929,2,1
5929,3,1
5929,4,1
5929,5,1
5929,6,1
5929,7,1
5929,8,1
5929,9,1
15174,0,1
15174,1,1
15174,2,1
15174,3,1
15174,4,1
15174,5,1
15174,6,1
15174,7,1
15174,8,1
15174,9,1
14654,0,1
14654,1,1
14654,2,1
14654,3,1
14654,4,1
14654,5,1
14654,6,1
14654,7,1
14654,8,1
14654,9,1
15175,0,1
15175,1,1
15175,2,1
15175,3,1
15175,4,1
15175,5,1
15175,6,1
15175,7,1
15175,8,1
15175,9,1
15176,0,1
15176,1,1
15176,2,1
15176,3,1
15176,4,1
15176,5,1
15176,6,1
15176,7,1
15176,8,1
15176,9,1
15177,0,1
15177,1,1
15177,2,1
15177,3,1
15177,4,1
15177,5,1
15177,6,1
15177,7,1
15177,8,1
15177,9,1
15178,0,1
15178,1,1
15178,2,1
15178,3,1
15178,4,1
15178,5,1
15178,6,1
15178,7,1
15178,8,1
15178,9,1
9733,0,1
9733,1,1
9733,2,1
9733,3,1
9733,4,1
9733,5,1
9733,6,1
9733,7,1
9733,8,1
9733,9,1
15179,0,1
15179,1,1
15179,2,1
15179,3,1
15179,4,1
15179,5,1
15179,6,1
15179,7,1
15179,8,1
15179,9,1
15180,0,1
15180,1,1
15180,2,1
15180,3,1
15180,4,1
15180,5,1
15180,6,1
15180,7,1
15180,8,1
15180,9,1
13229,0,1
13229,1,1
13229,2,1
13229,3,1
13229,4,1
13229,5,1
13229,6,1
13229,7,1
13229,8,1
13229,9,1
15181,0,1
15181,1,1
15181,2,1
15181,3,1
15181,4,1
15181,5,1
15181,6,1
15181,7,1
15181,8,1
15181,9,1
13214,0,1
13214,1,1
13214,2,1
13214,3,1
13214,4,1
13214,5,1
13214,6,1
13214,7,1
13214,8,1
13214,9,1
12507,354,1
12507,349,1
12507,268,1
12507,328,1
12507,344,1
12507,356,1
12507,331,1
12507,366,1
12507,312,1
12507,345,1
15182,0,1
15182,1,1
15182,2,1
15182,3,1
15182,4,1
15182,5,1
15182,6,1
15182,7,1
15182,8,1
15182,9,1
15183,0,1
15183,1,1
15183,2,1
15183,3,1
15183,4,1
15183,5,1
15183,6,1
15183,7,1
15183,8,1
15183,9,1
15184,0,1
15184,1,1
15184,2,1
15184,3,1
15184,4,1
15184,5,1
15184,6,1
15184,7,1
15184,8,1
15184,9,1
15185,0,1
15185,1,1
15185,2,1
15185,3,1
15185,4,1
15185,5,1
15185,6,1
15185,7,1
15185,8,1
15185,9,1
15186,0,1
15186,1,1
15186,2,1
15186,3,1
15186,4,1
15186,5,1
15186,6,1
15186,7,1
15186,8,1
15186,9,1
15187,0,1
15187,1,1
15187,2,1
15187,3,1
15187,4,1
15187,5,1
15187,6,1
15187,7,1
15187,8,1
15187,9,1
15188,0,1
15188,1,1
15188,2,1
15188,3,1
15188,4,1
15188,5,1
15188,6,1
15188,7,1
15188,8,1
15188,9,1
