20197	[66:0.01851482,1:0.01501674,76:0.01369247,69:0.01366748,5:0.01279296,0:0.01274299,75:0.01259307,2:0.01251812,74:0.01144371,3:0.01136875]
20198	[66:0.01851482,1:0.01501674,76:0.01369247,69:0.01366748,5:0.01279296,0:0.01274299,75:0.01259307,2:0.01251812,74:0.01144371,3:0.01136875]
20199	[66:0.01851482,1:0.01501674,76:0.01369247,69:0.01366748,5:0.01279296,0:0.01274299,75:0.01259307,2:0.01251812,74:0.01144371,3:0.01136875]
20200	[66:0.01851482,1:0.01501674,76:0.01369247,69:0.01366748,5:0.01279296,0:0.01274299,75:0.01259307,2:0.01251812,74:0.01144371,3:0.01136875]
20201	[66:0.01851482,1:0.01501674,76:0.01369247,69:0.01366748,5:0.01279296,0:0.01274299,75:0.01259307,2:0.01251812,74:0.01144371,3:0.01136875]
20202	[66:0.01851482,1:0.01501674,76:0.01369247,69:0.01366748,5:0.01279296,0:0.01274299,75:0.01259307,2:0.01251812,74:0.01144371,3:0.01136875]
20203	[66:0.01851482,1:0.01501674,76:0.01369247,69:0.01366748,5:0.01279296,0:0.01274299,75:0.01259307,2:0.01251812,74:0.01144371,3:0.01136875]
20204	[66:0.01851482,1:0.01501674,76:0.01369247,69:0.01366748,5:0.01279296,0:0.01274299,75:0.01259307,2:0.01251812,74:0.01144371,3:0.01136875]
20205	[66:0.01851482,1:0.01501674,76:0.01369247,69:0.01366748,5:0.01279296,0:0.01274299,75:0.01259307,2:0.01251812,74:0.01144371,3:0.01136875]
20206	[66:0.01851482,1:0.01501674,76:0.01369247,69:0.01366748,5:0.01279296,0:0.01274299,75:0.01259307,2:0.01251812,74:0.01144371,3:0.01136875]
20207	[66:0.01851482,1:0.01501674,76:0.01369247,69:0.01366748,5:0.01279296,0:0.01274299,75:0.01259307,2:0.01251812,74:0.01144371,3:0.01136875]
20208	[66:0.01851482,1:0.01501674,76:0.01369247,69:0.01366748,5:0.01279296,0:0.01274299,75:0.01259307,2:0.01251812,74:0.01144371,3:0.01136875]
20209	[66:0.01851482,1:0.01501674,76:0.01369247,69:0.01366748,5:0.01279296,0:0.01274299,75:0.01259307,2:0.01251812,74:0.01144371,3:0.01136875]
20210	[66:0.01851482,1:0.01501674,76:0.01369247,69:0.01366748,5:0.01279296,0:0.01274299,75:0.01259307,2:0.01251812,74:0.01144371,3:0.01136875]
20211	[66:0.01851482,1:0.01501674,76:0.01369247,69:0.01366748,5:0.01279296,0:0.01274299,75:0.01259307,2:0.01251812,74:0.01144371,3:0.01136875]
20212	[66:0.01851482,1:0.01501674,76:0.01369247,69:0.01366748,5:0.01279296,0:0.01274299,75:0.01259307,2:0.01251812,74:0.01144371,3:0.01136875]
20213	[66:0.01851482,1:0.01501674,76:0.01369247,69:0.01366748,5:0.01279296,0:0.01274299,75:0.01259307,2:0.01251812,74:0.01144371,3:0.01136875]
20214	[66:0.01851482,1:0.01501674,76:0.01369247,69:0.01366748,5:0.01279296,0:0.01274299,75:0.01259307,2:0.01251812,74:0.01144371,3:0.01136875]
20215	[66:0.01851482,1:0.01501674,76:0.01369247,69:0.01366748,5:0.01279296,0:0.01274299,75:0.01259307,2:0.01251812,74:0.01144371,3:0.01136875]
20216	[66:0.01851482,1:0.01501674,76:0.01369247,69:0.01366748,5:0.01279296,0:0.01274299,75:0.01259307,2:0.01251812,74:0.01144371,3:0.01136875]
20217	[66:0.01851482,1:0.01501674,76:0.01369247,69:0.01366748,5:0.01279296,0:0.01274299,75:0.01259307,2:0.01251812,74:0.01144371,3:0.01136875]
20218	[66:0.01851482,1:0.01501674,76:0.01369247,69:0.01366748,5:0.01279296,0:0.01274299,75:0.01259307,2:0.01251812,74:0.01144371,3:0.01136875]
20219	[66:0.01851482,1:0.01501674,76:0.01369247,69:0.01366748,5:0.01279296,0:0.01274299,75:0.01259307,2:0.01251812,74:0.01144371,3:0.01136875]
20220	[66:0.01851482,1:0.01501674,76:0.01369247,69:0.01366748,5:0.01279296,0:0.01274299,75:0.01259307,2:0.01251812,74:0.01144371,3:0.01136875]
20221	[66:0.01851482,1:0.01501674,76:0.01369247,69:0.01366748,5:0.01279296,0:0.01274299,75:0.01259307,2:0.01251812,74:0.01144371,3:0.01136875]
20222	[66:0.01851482,1:0.01501674,76:0.01369247,69:0.01366748,5:0.01279296,0:0.01274299,75:0.01259307,2:0.01251812,74:0.01144371,3:0.01136875]
20223	[66:0.01851482,1:0.01501674,76:0.01369247,69:0.01366748,5:0.01279296,0:0.01274299,75:0.01259307,2:0.01251812,74:0.01144371,3:0.01136875]
20224	[66:0.01851482,1:0.01501674,76:0.01369247,69:0.01366748,5:0.01279296,0:0.01274299,75:0.01259307,2:0.01251812,74:0.01144371,3:0.01136875]
20225	[66:0.01851482,1:0.01501674,76:0.01369247,69:0.01366748,5:0.01279296,0:0.01274299,75:0.01259307,2:0.01251812,74:0.01144371,3:0.01136875]
20226	[66:0.01851482,1:0.01501674,76:0.01369247,69:0.01366748,5:0.01279296,0:0.01274299,75:0.01259307,2:0.01251812,74:0.01144371,3:0.01136875]
20227	[66:0.01851482,1:0.01501674,76:0.01369247,69:0.01366748,5:0.01279296,0:0.01274299,75:0.01259307,2:0.01251812,74:0.01144371,3:0.01136875]
20228	[66:0.01851482,1:0.01501674,76:0.01369247,69:0.01366748,5:0.01279296,0:0.01274299,75:0.01259307,2:0.01251812,74:0.01144371,3:0.01136875]
20229	[66:0.01851482,1:0.01501674,76:0.01369247,69:0.01366748,5:0.01279296,0:0.01274299,75:0.01259307,2:0.01251812,74:0.01144371,3:0.01136875]
20230	[66:0.01851482,1:0.01501674,76:0.01369247,69:0.01366748,5:0.01279296,0:0.01274299,75:0.01259307,2:0.01251812,74:0.01144371,3:0.01136875]
20231	[66:0.01851482,1:0.01501674,76:0.01369247,69:0.01366748,5:0.01279296,0:0.01274299,75:0.01259307,2:0.01251812,74:0.01144371,3:0.01136875]
20232	[66:0.01851482,1:0.01501674,76:0.01369247,69:0.01366748,5:0.01279296,0:0.01274299,75:0.01259307,2:0.01251812,74:0.01144371,3:0.01136875]
20233	[66:0.01851482,1:0.01501674,76:0.01369247,69:0.01366748,5:0.01279296,0:0.01274299,75:0.01259307,2:0.01251812,74:0.01144371,3:0.01136875]
20234	[66:0.01851482,1:0.01501674,76:0.01369247,69:0.01366748,5:0.01279296,0:0.01274299,75:0.01259307,2:0.01251812,74:0.01144371,3:0.01136875]
20235	[66:0.01851482,1:0.01501674,76:0.01369247,69:0.01366748,5:0.01279296,0:0.01274299,75:0.01259307,2:0.01251812,74:0.01144371,3:0.01136875]
20236	[66:0.01851482,1:0.01501674,76:0.01369247,69:0.01366748,5:0.01279296,0:0.01274299,75:0.01259307,2:0.01251812,74:0.01144371,3:0.01136875]
20237	[66:0.01851482,1:0.01501674,76:0.01369247,69:0.01366748,5:0.01279296,0:0.01274299,75:0.01259307,2:0.01251812,74:0.01144371,3:0.01136875]
20238	[66:0.01851482,1:0.01501674,76:0.01369247,69:0.01366748,5:0.01279296,0:0.01274299,75:0.01259307,2:0.01251812,74:0.01144371,3:0.01136875]
20239	[66:0.01851482,1:0.01501674,76:0.01369247,69:0.01366748,5:0.01279296,0:0.01274299,75:0.01259307,2:0.01251812,74:0.01144371,3:0.01136875]
20240	[66:0.01851482,1:0.01501674,76:0.01369247,69:0.01366748,5:0.01279296,0:0.01274299,75:0.01259307,2:0.01251812,74:0.01144371,3:0.01136875]
20241	[66:0.01851482,1:0.01501674,76:0.01369247,69:0.01366748,5:0.01279296,0:0.01274299,75:0.01259307,2:0.01251812,74:0.01144371,3:0.01136875]
20242	[66:0.01851482,1:0.01501674,76:0.01369247,69:0.01366748,5:0.01279296,0:0.01274299,75:0.01259307,2:0.01251812,74:0.01144371,3:0.01136875]
20243	[66:0.01851482,1:0.01501674,76:0.01369247,69:0.01366748,5:0.01279296,0:0.01274299,75:0.01259307,2:0.01251812,74:0.01144371,3:0.01136875]
20244	[66:0.01851482,1:0.01501674,76:0.01369247,69:0.01366748,5:0.01279296,0:0.01274299,75:0.01259307,2:0.01251812,74:0.01144371,3:0.01136875]
20245	[66:0.01851482,1:0.01501674,76:0.01369247,69:0.01366748,5:0.01279296,0:0.01274299,75:0.01259307,2:0.01251812,74:0.01144371,3:0.01136875]
20246	[66:0.01851482,1:0.01501674,76:0.01369247,69:0.01366748,5:0.01279296,0:0.01274299,75:0.01259307,2:0.01251812,74:0.01144371,3:0.01136875]
20247	[66:0.01851482,1:0.01501674,76:0.01369247,69:0.01366748,5:0.01279296,0:0.01274299,75:0.01259307,2:0.01251812,74:0.01144371,3:0.01136875]
20248	[66:0.01851482,1:0.01501674,76:0.01369247,69:0.01366748,5:0.01279296,0:0.01274299,75:0.01259307,2:0.01251812,74:0.01144371,3:0.01136875]
20249	[66:0.01851482,1:0.01501674,76:0.01369247,69:0.01366748,5:0.01279296,0:0.01274299,75:0.01259307,2:0.01251812,74:0.01144371,3:0.01136875]
20250	[66:0.01851482,1:0.01501674,76:0.01369247,69:0.01366748,5:0.01279296,0:0.01274299,75:0.01259307,2:0.01251812,74:0.01144371,3:0.01136875]
20251	[66:0.01851482,1:0.01501674,76:0.01369247,69:0.01366748,5:0.01279296,0:0.01274299,75:0.01259307,2:0.01251812,74:0.01144371,3:0.01136875]
20252	[66:0.01851482,1:0.01501674,76:0.01369247,69:0.01366748,5:0.01279296,0:0.01274299,75:0.01259307,2:0.01251812,74:0.01144371,3:0.01136875]
20253	[66:0.01851482,1:0.01501674,76:0.01369247,69:0.01366748,5:0.01279296,0:0.01274299,75:0.01259307,2:0.01251812,74:0.01144371,3:0.01136875]
20254	[66:0.01851482,1:0.01501674,76:0.01369247,69:0.01366748,5:0.01279296,0:0.01274299,75:0.01259307,2:0.01251812,74:0.01144371,3:0.01136875]
20255	[66:0.01851482,1:0.01501674,76:0.01369247,69:0.01366748,5:0.01279296,0:0.01274299,75:0.01259307,2:0.01251812,74:0.01144371,3:0.01136875]
20256	[66:0.01851482,1:0.01501674,76:0.01369247,69:0.01366748,5:0.01279296,0:0.01274299,75:0.01259307,2:0.01251812,74:0.01144371,3:0.01136875]
20257	[66:0.01851482,1:0.01501674,76:0.01369247,69:0.01366748,5:0.01279296,0:0.01274299,75:0.01259307,2:0.01251812,74:0.01144371,3:0.01136875]
20258	[66:0.01851482,1:0.01501674,76:0.01369247,69:0.01366748,5:0.01279296,0:0.01274299,75:0.01259307,2:0.01251812,74:0.01144371,3:0.01136875]
20259	[66:0.01851482,1:0.01501674,76:0.01369247,69:0.01366748,5:0.01279296,0:0.01274299,75:0.01259307,2:0.01251812,74:0.01144371,3:0.01136875]
20260	[66:0.01851482,1:0.01501674,76:0.01369247,69:0.01366748,5:0.01279296,0:0.01274299,75:0.01259307,2:0.01251812,74:0.01144371,3:0.01136875]
20261	[66:0.01851482,1:0.01501674,76:0.01369247,69:0.01366748,5:0.01279296,0:0.01274299,75:0.01259307,2:0.01251812,74:0.01144371,3:0.01136875]
20262	[66:0.01851482,1:0.01501674,76:0.01369247,69:0.01366748,5:0.01279296,0:0.01274299,75:0.01259307,2:0.01251812,74:0.01144371,3:0.01136875]
20263	[66:0.01851482,1:0.01501674,76:0.01369247,69:0.01366748,5:0.01279296,0:0.01274299,75:0.01259307,2:0.01251812,74:0.01144371,3:0.01136875]
20264	[66:0.01851482,1:0.01501674,76:0.01369247,69:0.01366748,5:0.01279296,0:0.01274299,75:0.01259307,2:0.01251812,74:0.01144371,3:0.01136875]
20265	[66:0.01851482,1:0.01501674,76:0.01369247,69:0.01366748,5:0.01279296,0:0.01274299,75:0.01259307,2:0.01251812,74:0.01144371,3:0.01136875]
431	[53:0.005896757,26:0.004847334,68:0.002898406,85:0.002573584,16:0.002148818,231:0.002073859,127:0.002073859,248:0.001724052,320:0.001124382,343:0.0009744641]
433	[5:0.01279296,2:0.01251812,202:0.008720204,55:0.008695218,6:0.008570286,201:0.008045575,113:0.007295987,27:0.007221028,91:0.007071111,115:0.006646344]
4463	[66:0.01851482,1:0.01501674,76:0.01369247,69:0.01366748,5:0.01279296,75:0.01259307,2:0.01251812,74:0.01144371,3:0.01136875,22:0.01131877]
12663	[66:0.01851482,1:0.01501674,76:0.01369247,69:0.01366748,5:0.01279296,0:0.01274299,75:0.01259307,2:0.01251812,74:0.01144371,3:0.01136875]
4501	[76:0.01369247,69:0.01366748,5:0.01279296,75:0.01259307,3:0.01136875,63:0.009569736,79:0.009119984,202:0.008720204,55:0.008695218,9:0.008695218]
4502	[69:0.01366748,5:0.01279296,74:0.01144371,22:0.01131877,10:0.01029434,79:0.009119984,202:0.008720204,9:0.008695218,55:0.008695218,6:0.008570286]
582	[66:0.01851482,1:0.01501674,76:0.01369247,69:0.01366748,5:0.01279296,75:0.01259307,2:0.01251812,3:0.01136875,63:0.009569736,79:0.009119984]
4516	[76:0.01369247,69:0.01366748,2:0.01251812,22:0.01131877,10:0.01029434,63:0.009569736,79:0.009119984,202:0.008720204,55:0.008695218,9:0.008695218]
660	[66:0.01851482,76:0.01369247,69:0.01366748,5:0.01279296,0:0.01274299,2:0.01251812,74:0.01144371,3:0.01136875,22:0.01131877,10:0.01029434]
671	[66:0.01851482,1:0.01501674,76:0.01369247,69:0.01366748,5:0.01279296,0:0.01274299,75:0.01259307,74:0.01144371,3:0.01136875,22:0.01131877]
681	[66:0.01851482,76:0.01369247,69:0.01366748,5:0.01279296,0:0.01274299,75:0.01259307,2:0.01251812,74:0.01144371,3:0.01136875,22:0.01131877]
697	[66:0.01851482,1:0.01501674,76:0.01369247,69:0.01366748,5:0.01279296,0:0.01274299,75:0.01259307,74:0.01144371,3:0.01136875,22:0.01131877]
765	[66:0.01851482,76:0.01369247,5:0.01279296,0:0.01274299,75:0.01259307,2:0.01251812,74:0.01144371,22:0.01131877,10:0.01029434,63:0.009569736]
4809	[66:0.01851482,1:0.01501674,76:0.01369247,69:0.01366748,5:0.01279296,0:0.01274299,75:0.01259307,2:0.01251812,74:0.01144371,3:0.01136875]
12684	[66:0.01851482,76:0.01369247,69:0.01366748,5:0.01279296,0:0.01274299,75:0.01259307,2:0.01251812,74:0.01144371,3:0.01136875,22:0.01131877]
4957	[66:0.01851482,1:0.01501674,76:0.01369247,69:0.01366748,5:0.01279296,0:0.01274299,75:0.01259307,2:0.01251812,74:0.01144371,3:0.01136875]
4993	[66:0.01851482,1:0.01501674,5:0.01279296,75:0.01259307,2:0.01251812,74:0.01144371,22:0.01131877,10:0.01029434,63:0.009569736,79:0.009119984]
5397	[66:0.01851482,1:0.01501674,76:0.01369247,69:0.01366748,5:0.01279296,0:0.01274299,75:0.01259307,2:0.01251812,74:0.01144371,3:0.01136875]
5517	[1:0.01501674,76:0.01369247,69:0.01366748,5:0.01279296,75:0.01259307,2:0.01251812,74:0.01144371,3:0.01136875,22:0.01131877,10:0.01029434]
5518	[66:0.01851482,1:0.01501674,76:0.01369247,69:0.01366748,5:0.01279296,0:0.01274299,75:0.01259307,2:0.01251812,74:0.01144371,3:0.01136875]
5534	[5:0.01279296,202:0.008720204,55:0.008695218,199:0.007995603,84:0.007820698,25:0.00734596,27:0.007221028,91:0.007071111,134:0.006896207,14:0.006621358]
5557	[76:0.01369247,69:0.01366748,5:0.01279296,0:0.01274299,79:0.009119984,199:0.007995603,205:0.007895658,70:0.007420918,77:0.007046124,134:0.006896207]
5559	[66:0.01851482,1:0.01501674,76:0.01369247,5:0.01279296,75:0.01259307,2:0.01251812,74:0.01144371,3:0.01136875,22:0.01131877,10:0.01029434]
20266	[66:0.01851482,1:0.01501674,76:0.01369247,69:0.01366748,5:0.01279296,0:0.01274299,75:0.01259307,2:0.01251812,74:0.01144371,3:0.01136875]
5640	[3:0.01136875,202:0.008720204,19:0.00834541,70:0.007420918,24:0.006971166,82:0.006071661,53:0.005896757,194:0.005097196,26:0.004847334,140:0.004772375]
5713	[66:0.01851482,1:0.01501674,76:0.01369247,69:0.01366748,5:0.01279296,0:0.01274299,75:0.01259307,74:0.01144371,3:0.01136875,22:0.01131877]
5731	[66:0.01851482,1:0.01501674,76:0.01369247,69:0.01366748,5:0.01279296,0:0.01274299,75:0.01259307,2:0.01251812,74:0.01144371,3:0.01136875]
12839	[63:0.009569736,79:0.009119984,202:0.008720204,9:0.008695218,6:0.008570286,19:0.00834541,84:0.007820698,70:0.007420918,25:0.00734596,27:0.007221028]
12940	[66:0.01851482,1:0.01501674,76:0.01369247,69:0.01366748,5:0.01279296,0:0.01274299,75:0.01259307,2:0.01251812,74:0.01144371,3:0.01136875]
12979	[66:0.01851482,1:0.01501674,76:0.01369247,69:0.01366748,5:0.01279296,0:0.01274299,75:0.01259307,2:0.01251812,74:0.01144371,3:0.01136875]
13013	[69:0.01366748,5:0.01279296,0:0.01274299,2:0.01251812,3:0.01136875,22:0.01131877,63:0.009569736,79:0.009119984,202:0.008720204,55:0.008695218]
19970	[1:0.01501674,69:0.01366748,5:0.01279296,2:0.01251812,22:0.01131877,10:0.01029434,63:0.009569736,79:0.009119984,202:0.008720204,55:0.008695218]
13138	[66:0.01851482,1:0.01501674,76:0.01369247,69:0.01366748,5:0.01279296,0:0.01274299,75:0.01259307,74:0.01144371,3:0.01136875,22:0.01131877]
13237	[66:0.01851482,1:0.01501674,76:0.01369247,69:0.01366748,5:0.01279296,0:0.01274299,75:0.01259307,2:0.01251812,74:0.01144371,3:0.01136875]
13280	[1:0.01501674,76:0.01369247,69:0.01366748,5:0.01279296,0:0.01274299,75:0.01259307,2:0.01251812,74:0.01144371,3:0.01136875,22:0.01131877]
17812	[66:0.01851482,1:0.01501674,76:0.01369247,69:0.01366748,5:0.01279296,0:0.01274299,75:0.01259307,2:0.01251812,74:0.01144371,3:0.01136875]
13337	[66:0.01851482,76:0.01369247,69:0.01366748,5:0.01279296,0:0.01274299,2:0.01251812,74:0.01144371,3:0.01136875,22:0.01131877,10:0.01029434]
13386	[66:0.01851482,1:0.01501674,76:0.01369247,69:0.01366748,5:0.01279296,0:0.01274299,75:0.01259307,2:0.01251812,74:0.01144371,3:0.01136875]
13389	[66:0.01851482,1:0.01501674,76:0.01369247,69:0.01366748,5:0.01279296,0:0.01274299,75:0.01259307,74:0.01144371,3:0.01136875,22:0.01131877]
13397	[66:0.01851482,1:0.01501674,69:0.01366748,0:0.01274299,74:0.01144371,3:0.01136875,22:0.01131877,10:0.01029434,63:0.009569736,202:0.008720204]
20267	[66:0.01851482,1:0.01501674,76:0.01369247,69:0.01366748,5:0.01279296,0:0.01274299,75:0.01259307,2:0.01251812,74:0.01144371,3:0.01136875]
20268	[66:0.01851482,1:0.01501674,76:0.01369247,69:0.01366748,5:0.01279296,0:0.01274299,75:0.01259307,2:0.01251812,74:0.01144371,3:0.01136875]
20269	[66:0.01851482,1:0.01501674,76:0.01369247,69:0.01366748,5:0.01279296,0:0.01274299,75:0.01259307,2:0.01251812,74:0.01144371,3:0.01136875]
878	[66:0.01851482,5:0.01279296,0:0.01274299,75:0.01259307,74:0.01144371,3:0.01136875,22:0.01131877,10:0.01029434,79:0.009119984,202:0.008720204]
17285	[66:0.01851482,1:0.01501674,76:0.01369247,69:0.01366748,5:0.01279296,0:0.01274299,75:0.01259307,2:0.01251812,74:0.01144371,3:0.01136875]
20270	[66:0.01851482,1:0.01501674,76:0.01369247,69:0.01366748,5:0.01279296,0:0.01274299,75:0.01259307,2:0.01251812,74:0.01144371,3:0.01136875]
20271	[66:0.01851482,1:0.01501674,76:0.01369247,69:0.01366748,5:0.01279296,0:0.01274299,75:0.01259307,2:0.01251812,74:0.01144371,3:0.01136875]
18953	[1:0.01501674,76:0.01369247,69:0.01366748,5:0.01279296,0:0.01274299,75:0.01259307,2:0.01251812,3:0.01136875,22:0.01131877,10:0.01029434]
20272	[66:0.01851482,1:0.01501674,76:0.01369247,69:0.01366748,5:0.01279296,0:0.01274299,75:0.01259307,2:0.01251812,74:0.01144371,3:0.01136875]
18682	[66:0.01851482,1:0.01501674,76:0.01369247,69:0.01366748,5:0.01279296,0:0.01274299,75:0.01259307,2:0.01251812,74:0.01144371,3:0.01136875]
20273	[66:0.01851482,1:0.01501674,76:0.01369247,69:0.01366748,5:0.01279296,0:0.01274299,75:0.01259307,2:0.01251812,74:0.01144371,3:0.01136875]
20274	[66:0.01851482,1:0.01501674,76:0.01369247,69:0.01366748,5:0.01279296,0:0.01274299,75:0.01259307,2:0.01251812,74:0.01144371,3:0.01136875]
20275	[66:0.01851482,1:0.01501674,76:0.01369247,69:0.01366748,5:0.01279296,0:0.01274299,75:0.01259307,2:0.01251812,74:0.01144371,3:0.01136875]
20276	[66:0.01851482,1:0.01501674,76:0.01369247,69:0.01366748,5:0.01279296,0:0.01274299,75:0.01259307,2:0.01251812,74:0.01144371,3:0.01136875]
19224	[66:0.01851482,76:0.01369247,69:0.01366748,5:0.01279296,0:0.01274299,2:0.01251812,3:0.01136875,22:0.01131877,10:0.01029434,63:0.009569736]
20277	[66:0.01851482,1:0.01501674,76:0.01369247,69:0.01366748,5:0.01279296,0:0.01274299,75:0.01259307,2:0.01251812,74:0.01144371,3:0.01136875]
20278	[66:0.01851482,1:0.01501674,76:0.01369247,69:0.01366748,5:0.01279296,0:0.01274299,75:0.01259307,2:0.01251812,74:0.01144371,3:0.01136875]
20279	[66:0.01851482,1:0.01501674,76:0.01369247,69:0.01366748,5:0.01279296,0:0.01274299,75:0.01259307,2:0.01251812,74:0.01144371,3:0.01136875]
20280	[66:0.01851482,1:0.01501674,76:0.01369247,69:0.01366748,5:0.01279296,0:0.01274299,75:0.01259307,2:0.01251812,74:0.01144371,3:0.01136875]
20281	[66:0.01851482,1:0.01501674,76:0.01369247,69:0.01366748,5:0.01279296,0:0.01274299,75:0.01259307,2:0.01251812,74:0.01144371,3:0.01136875]
20282	[66:0.01851482,1:0.01501674,76:0.01369247,69:0.01366748,5:0.01279296,0:0.01274299,75:0.01259307,2:0.01251812,74:0.01144371,3:0.01136875]
20283	[66:0.01851482,1:0.01501674,76:0.01369247,69:0.01366748,5:0.01279296,0:0.01274299,75:0.01259307,2:0.01251812,74:0.01144371,3:0.01136875]
20284	[66:0.01851482,1:0.01501674,76:0.01369247,69:0.01366748,5:0.01279296,0:0.01274299,75:0.01259307,2:0.01251812,74:0.01144371,3:0.01136875]
20285	[66:0.01851482,1:0.01501674,76:0.01369247,69:0.01366748,5:0.01279296,0:0.01274299,75:0.01259307,2:0.01251812,74:0.01144371,3:0.01136875]
18695	[66:0.01851482,1:0.01501674,76:0.01369247,69:0.01366748,5:0.01279296,0:0.01274299,75:0.01259307,2:0.01251812,74:0.01144371,3:0.01136875]
20286	[66:0.01851482,1:0.01501674,76:0.01369247,69:0.01366748,5:0.01279296,0:0.01274299,75:0.01259307,2:0.01251812,74:0.01144371,3:0.01136875]
20287	[66:0.01851482,1:0.01501674,76:0.01369247,69:0.01366748,5:0.01279296,0:0.01274299,75:0.01259307,2:0.01251812,74:0.01144371,3:0.01136875]
20288	[66:0.01851482,1:0.01501674,76:0.01369247,69:0.01366748,5:0.01279296,0:0.01274299,75:0.01259307,2:0.01251812,74:0.01144371,3:0.01136875]
20289	[66:0.01851482,1:0.01501674,76:0.01369247,69:0.01366748,5:0.01279296,0:0.01274299,75:0.01259307,2:0.01251812,74:0.01144371,3:0.01136875]
20290	[66:0.01851482,1:0.01501674,76:0.01369247,69:0.01366748,5:0.01279296,0:0.01274299,75:0.01259307,2:0.01251812,74:0.01144371,3:0.01136875]
20291	[66:0.01851482,1:0.01501674,76:0.01369247,69:0.01366748,5:0.01279296,0:0.01274299,75:0.01259307,2:0.01251812,74:0.01144371,3:0.01136875]
20292	[66:0.01851482,1:0.01501674,76:0.01369247,69:0.01366748,5:0.01279296,0:0.01274299,75:0.01259307,2:0.01251812,74:0.01144371,3:0.01136875]
20293	[66:0.01851482,1:0.01501674,76:0.01369247,69:0.01366748,5:0.01279296,0:0.01274299,75:0.01259307,2:0.01251812,74:0.01144371,3:0.01136875]
19704	[66:0.01851482,1:0.01501674,76:0.01369247,69:0.01366748,5:0.01279296,0:0.01274299,75:0.01259307,2:0.01251812,74:0.01144371,3:0.01136875]
20294	[66:0.01851482,1:0.01501674,76:0.01369247,69:0.01366748,5:0.01279296,0:0.01274299,75:0.01259307,2:0.01251812,74:0.01144371,3:0.01136875]
20295	[66:0.01851482,1:0.01501674,76:0.01369247,69:0.01366748,5:0.01279296,0:0.01274299,75:0.01259307,2:0.01251812,74:0.01144371,3:0.01136875]
20296	[66:0.01851482,1:0.01501674,76:0.01369247,69:0.01366748,5:0.01279296,0:0.01274299,75:0.01259307,2:0.01251812,74:0.01144371,3:0.01136875]
20297	[66:0.01851482,1:0.01501674,76:0.01369247,69:0.01366748,5:0.01279296,0:0.01274299,75:0.01259307,2:0.01251812,74:0.01144371,3:0.01136875]
20298	[66:0.01851482,1:0.01501674,76:0.01369247,69:0.01366748,5:0.01279296,0:0.01274299,75:0.01259307,2:0.01251812,74:0.01144371,3:0.01136875]
20299	[66:0.01851482,1:0.01501674,76:0.01369247,69:0.01366748,5:0.01279296,0:0.01274299,75:0.01259307,2:0.01251812,74:0.01144371,3:0.01136875]
20300	[66:0.01851482,1:0.01501674,76:0.01369247,69:0.01366748,5:0.01279296,0:0.01274299,75:0.01259307,2:0.01251812,74:0.01144371,3:0.01136875]
20301	[66:0.01851482,1:0.01501674,76:0.01369247,69:0.01366748,5:0.01279296,0:0.01274299,75:0.01259307,2:0.01251812,74:0.01144371,3:0.01136875]
20302	[66:0.01851482,1:0.01501674,76:0.01369247,69:0.01366748,5:0.01279296,0:0.01274299,75:0.01259307,2:0.01251812,74:0.01144371,3:0.01136875]
20303	[66:0.01851482,1:0.01501674,76:0.01369247,69:0.01366748,5:0.01279296,0:0.01274299,75:0.01259307,2:0.01251812,74:0.01144371,3:0.01136875]
20304	[66:0.01851482,1:0.01501674,76:0.01369247,69:0.01366748,5:0.01279296,0:0.01274299,75:0.01259307,2:0.01251812,74:0.01144371,3:0.01136875]
20305	[66:0.01851482,1:0.01501674,76:0.01369247,69:0.01366748,5:0.01279296,0:0.01274299,75:0.01259307,2:0.01251812,74:0.01144371,3:0.01136875]
20306	[66:0.01851482,1:0.01501674,76:0.01369247,69:0.01366748,5:0.01279296,0:0.01274299,75:0.01259307,2:0.01251812,74:0.01144371,3:0.01136875]
20307	[66:0.01851482,1:0.01501674,76:0.01369247,69:0.01366748,5:0.01279296,0:0.01274299,75:0.01259307,2:0.01251812,74:0.01144371,3:0.01136875]
20308	[66:0.01851482,1:0.01501674,76:0.01369247,69:0.01366748,5:0.01279296,0:0.01274299,75:0.01259307,2:0.01251812,74:0.01144371,3:0.01136875]
6209	[0:0.01274299,19:0.00834541,7:0.005746839,73:0.005047224,13:0.004847334,26:0.004847334,133:0.004822348,12:0.004122733,38:0.004122733,18:0.004047774]
19460	[66:0.01851482,1:0.01501674,76:0.01369247,69:0.01366748,5:0.01279296,0:0.01274299,75:0.01259307,2:0.01251812,74:0.01144371,3:0.01136875]
20309	[66:0.01851482,1:0.01501674,76:0.01369247,69:0.01366748,5:0.01279296,0:0.01274299,75:0.01259307,2:0.01251812,74:0.01144371,3:0.01136875]
20310	[66:0.01851482,1:0.01501674,76:0.01369247,69:0.01366748,5:0.01279296,0:0.01274299,75:0.01259307,2:0.01251812,74:0.01144371,3:0.01136875]
6243	[66:0.01851482,1:0.01501674,76:0.01369247,69:0.01366748,5:0.01279296,0:0.01274299,75:0.01259307,74:0.01144371,3:0.01136875,22:0.01131877]
20311	[66:0.01851482,1:0.01501674,76:0.01369247,69:0.01366748,5:0.01279296,0:0.01274299,75:0.01259307,2:0.01251812,74:0.01144371,3:0.01136875]
20312	[66:0.01851482,1:0.01501674,76:0.01369247,69:0.01366748,5:0.01279296,0:0.01274299,75:0.01259307,2:0.01251812,74:0.01144371,3:0.01136875]
17314	[66:0.01851482,1:0.01501674,76:0.01369247,69:0.01366748,5:0.01279296,0:0.01274299,75:0.01259307,2:0.01251812,74:0.01144371,3:0.01136875]
20313	[66:0.01851482,1:0.01501674,76:0.01369247,69:0.01366748,5:0.01279296,0:0.01274299,75:0.01259307,2:0.01251812,74:0.01144371,3:0.01136875]
17316	[66:0.01851482,1:0.01501674,76:0.01369247,69:0.01366748,5:0.01279296,0:0.01274299,75:0.01259307,2:0.01251812,74:0.01144371,3:0.01136875]
20314	[66:0.01851482,1:0.01501674,76:0.01369247,69:0.01366748,5:0.01279296,0:0.01274299,75:0.01259307,2:0.01251812,74:0.01144371,3:0.01136875]
915	[66:0.01851482,1:0.01501674,76:0.01369247,69:0.01366748,5:0.01279296,0:0.01274299,75:0.01259307,2:0.01251812,74:0.01144371,3:0.01136875]
6298	[76:0.01369247,69:0.01366748,74:0.01144371,22:0.01131877,63:0.009569736,79:0.009119984,202:0.008720204,55:0.008695218,6:0.008570286,19:0.00834541]
935	[66:0.01851482,76:0.01369247,69:0.01366748,5:0.01279296,0:0.01274299,2:0.01251812,74:0.01144371,3:0.01136875,22:0.01131877,10:0.01029434]
938	[66:0.01851482,1:0.01501674,76:0.01369247,69:0.01366748,5:0.01279296,0:0.01274299,75:0.01259307,2:0.01251812,74:0.01144371,3:0.01136875]
20315	[66:0.01851482,1:0.01501674,76:0.01369247,69:0.01366748,5:0.01279296,0:0.01274299,75:0.01259307,2:0.01251812,74:0.01144371,3:0.01136875]
20316	[66:0.01851482,1:0.01501674,76:0.01369247,69:0.01366748,5:0.01279296,0:0.01274299,75:0.01259307,2:0.01251812,74:0.01144371,3:0.01136875]
20317	[66:0.01851482,1:0.01501674,76:0.01369247,69:0.01366748,5:0.01279296,0:0.01274299,75:0.01259307,2:0.01251812,74:0.01144371,3:0.01136875]
6431	[5:0.01279296,0:0.01274299,3:0.01136875,22:0.01131877,79:0.009119984,55:0.008695218,9:0.008695218,6:0.008570286,61:0.007795712,25:0.00734596]
6593	[66:0.01851482,1:0.01501674,76:0.01369247,69:0.01366748,5:0.01279296,0:0.01274299,75:0.01259307,2:0.01251812,74:0.01144371,3:0.01136875]
20318	[66:0.01851482,1:0.01501674,76:0.01369247,69:0.01366748,5:0.01279296,0:0.01274299,75:0.01259307,2:0.01251812,74:0.01144371,3:0.01136875]
1229	[66:0.01851482,1:0.01501674,76:0.01369247,69:0.01366748,5:0.01279296,75:0.01259307,22:0.01131877,79:0.009119984,202:0.008720204,55:0.008695218]
13796	[66:0.01851482,1:0.01501674,76:0.01369247,69:0.01366748,5:0.01279296,0:0.01274299,75:0.01259307,2:0.01251812,74:0.01144371,3:0.01136875]
6891	[69:0.01366748,5:0.01279296,79:0.009119984,202:0.008720204,9:0.008695218,6:0.008570286,19:0.00834541,27:0.007221028,115:0.006646344,14:0.006621358]
6935	[66:0.01851482,1:0.01501674,76:0.01369247,69:0.01366748,5:0.01279296,0:0.01274299,75:0.01259307,2:0.01251812,74:0.01144371,3:0.01136875]
6975	[1:0.01501674,76:0.01369247,0:0.01274299,75:0.01259307,2:0.01251812,3:0.01136875,22:0.01131877,10:0.01029434,63:0.009569736,79:0.009119984]
1337	[76:0.01369247,69:0.01366748,5:0.01279296,0:0.01274299,75:0.01259307,3:0.01136875,22:0.01131877,63:0.009569736,79:0.009119984,202:0.008720204]
17887	[66:0.01851482,1:0.01501674,76:0.01369247,69:0.01366748,5:0.01279296,0:0.01274299,75:0.01259307,2:0.01251812,74:0.01144371,3:0.01136875]
1354	[79:0.009119984,202:0.008720204,55:0.008695218,6:0.008570286,54:0.00814552,201:0.008045575,113:0.007295987,27:0.007221028,198:0.007071111,24:0.006971166]
20319	[66:0.01851482,1:0.01501674,76:0.01369247,69:0.01366748,5:0.01279296,0:0.01274299,75:0.01259307,2:0.01251812,74:0.01144371,3:0.01136875]
20320	[66:0.01851482,1:0.01501674,76:0.01369247,69:0.01366748,5:0.01279296,0:0.01274299,75:0.01259307,2:0.01251812,74:0.01144371,3:0.01136875]
1374	[76:0.01369247,69:0.01366748,5:0.01279296,75:0.01259307,2:0.01251812,74:0.01144371,22:0.01131877,79:0.009119984,202:0.008720204,9:0.008695218]
7103	[76:0.01369247,69:0.01366748,5:0.01279296,0:0.01274299,75:0.01259307,3:0.01136875,22:0.01131877,63:0.009569736,79:0.009119984,202:0.008720204]
1386	[5:0.01279296,75:0.01259307,74:0.01144371,63:0.009569736,79:0.009119984,202:0.008720204,9:0.008695218,6:0.008570286,19:0.00834541,201:0.008045575]
1398	[66:0.01851482,1:0.01501674,76:0.01369247,69:0.01366748,0:0.01274299,75:0.01259307,2:0.01251812,74:0.01144371,3:0.01136875,22:0.01131877]
7245	[69:0.01366748,0:0.01274299,2:0.01251812,3:0.01136875,10:0.01029434,63:0.009569736,79:0.009119984,202:0.008720204,9:0.008695218,6:0.008570286]
1422	[76:0.01369247,69:0.01366748,5:0.01279296,0:0.01274299,75:0.01259307,2:0.01251812,74:0.01144371,3:0.01136875,22:0.01131877,63:0.009569736]
19243	[66:0.01851482,1:0.01501674,76:0.01369247,69:0.01366748,5:0.01279296,75:0.01259307,2:0.01251812,74:0.01144371,3:0.01136875,22:0.01131877]
20321	[66:0.01851482,1:0.01501674,76:0.01369247,69:0.01366748,5:0.01279296,0:0.01274299,75:0.01259307,2:0.01251812,74:0.01144371,3:0.01136875]
17895	[66:0.01851482,76:0.01369247,69:0.01366748,5:0.01279296,0:0.01274299,75:0.01259307,2:0.01251812,74:0.01144371,3:0.01136875,22:0.01131877]
7485	[66:0.01851482,1:0.01501674,76:0.01369247,69:0.01366748,5:0.01279296,0:0.01274299,75:0.01259307,2:0.01251812,74:0.01144371,3:0.01136875]
7675	[66:0.01851482,1:0.01501674,76:0.01369247,5:0.01279296,0:0.01274299,75:0.01259307,2:0.01251812,74:0.01144371,3:0.01136875,22:0.01131877]
7738	[66:0.01851482,76:0.01369247,69:0.01366748,5:0.01279296,0:0.01274299,75:0.01259307,2:0.01251812,74:0.01144371,3:0.01136875,22:0.01131877]
20322	[66:0.01851482,1:0.01501674,76:0.01369247,69:0.01366748,5:0.01279296,0:0.01274299,75:0.01259307,2:0.01251812,74:0.01144371,3:0.01136875]
20323	[66:0.01851482,1:0.01501674,76:0.01369247,69:0.01366748,5:0.01279296,0:0.01274299,75:0.01259307,2:0.01251812,74:0.01144371,3:0.01136875]
17353	[66:0.01851482,1:0.01501674,76:0.01369247,69:0.01366748,5:0.01279296,0:0.01274299,75:0.01259307,2:0.01251812,74:0.01144371,3:0.01136875]
7916	[76:0.01369247,69:0.01366748,5:0.01279296,0:0.01274299,75:0.01259307,2:0.01251812,3:0.01136875,22:0.01131877,10:0.01029434,63:0.009569736]
7985	[5:0.01279296,10:0.01029434,79:0.009119984,202:0.008720204,6:0.008570286,199:0.007995603,205:0.007895658,84:0.007820698,25:0.00734596,113:0.007295987]
8026	[1:0.01501674,76:0.01369247,69:0.01366748,5:0.01279296,0:0.01274299,75:0.01259307,2:0.01251812,74:0.01144371,3:0.01136875,22:0.01131877]
20324	[66:0.01851482,1:0.01501674,76:0.01369247,69:0.01366748,5:0.01279296,0:0.01274299,75:0.01259307,2:0.01251812,74:0.01144371,3:0.01136875]
14283	[5:0.01279296,10:0.01029434,63:0.009569736,79:0.009119984,202:0.008720204,6:0.008570286,19:0.00834541,199:0.007995603,205:0.007895658,25:0.00734596]
8193	[66:0.01851482,1:0.01501674,76:0.01369247,69:0.01366748,5:0.01279296,0:0.01274299,75:0.01259307,2:0.01251812,74:0.01144371,3:0.01136875]
20325	[66:0.01851482,1:0.01501674,76:0.01369247,69:0.01366748,5:0.01279296,0:0.01274299,75:0.01259307,2:0.01251812,74:0.01144371,3:0.01136875]
20326	[66:0.01851482,1:0.01501674,76:0.01369247,69:0.01366748,5:0.01279296,0:0.01274299,75:0.01259307,2:0.01251812,74:0.01144371,3:0.01136875]
14371	[66:0.01851482,1:0.01501674,76:0.01369247,69:0.01366748,5:0.01279296,0:0.01274299,75:0.01259307,2:0.01251812,74:0.01144371,3:0.01136875]
14382	[66:0.01851482,1:0.01501674,76:0.01369247,69:0.01366748,5:0.01279296,0:0.01274299,75:0.01259307,2:0.01251812,74:0.01144371,3:0.01136875]
20327	[66:0.01851482,1:0.01501674,76:0.01369247,69:0.01366748,5:0.01279296,0:0.01274299,75:0.01259307,2:0.01251812,74:0.01144371,3:0.01136875]
18723	[66:0.01851482,1:0.01501674,76:0.01369247,69:0.01366748,5:0.01279296,0:0.01274299,75:0.01259307,2:0.01251812,74:0.01144371,3:0.01136875]
14468	[66:0.01851482,5:0.01279296,0:0.01274299,75:0.01259307,2:0.01251812,74:0.01144371,3:0.01136875,22:0.01131877,10:0.01029434,79:0.009119984]
14477	[66:0.01851482,1:0.01501674,76:0.01369247,69:0.01366748,5:0.01279296,0:0.01274299,75:0.01259307,2:0.01251812,74:0.01144371,3:0.01136875]
20328	[66:0.01851482,1:0.01501674,76:0.01369247,69:0.01366748,5:0.01279296,0:0.01274299,75:0.01259307,2:0.01251812,74:0.01144371,3:0.01136875]
20329	[66:0.01851482,1:0.01501674,76:0.01369247,69:0.01366748,5:0.01279296,0:0.01274299,75:0.01259307,2:0.01251812,74:0.01144371,3:0.01136875]
14540	[66:0.01851482,76:0.01369247,69:0.01366748,5:0.01279296,0:0.01274299,75:0.01259307,2:0.01251812,74:0.01144371,3:0.01136875,22:0.01131877]
14586	[66:0.01851482,1:0.01501674,76:0.01369247,69:0.01366748,5:0.01279296,0:0.01274299,75:0.01259307,2:0.01251812,74:0.01144371,3:0.01136875]
17387	[66:0.01851482,1:0.01501674,76:0.01369247,69:0.01366748,5:0.01279296,0:0.01274299,75:0.01259307,2:0.01251812,74:0.01144371,3:0.01136875]
20330	[66:0.01851482,1:0.01501674,76:0.01369247,69:0.01366748,5:0.01279296,0:0.01274299,75:0.01259307,2:0.01251812,74:0.01144371,3:0.01136875]
14644	[69:0.01366748,5:0.01279296,3:0.01136875,22:0.01131877,10:0.01029434,63:0.009569736,9:0.008695218,55:0.008695218,6:0.008570286,19:0.00834541]
19257	[66:0.01851482,1:0.01501674,76:0.01369247,69:0.01366748,5:0.01279296,0:0.01274299,75:0.01259307,2:0.01251812,74:0.01144371,3:0.01136875]
20331	[66:0.01851482,1:0.01501674,76:0.01369247,69:0.01366748,5:0.01279296,0:0.01274299,75:0.01259307,2:0.01251812,74:0.01144371,3:0.01136875]
20332	[66:0.01851482,1:0.01501674,76:0.01369247,69:0.01366748,5:0.01279296,0:0.01274299,75:0.01259307,2:0.01251812,74:0.01144371,3:0.01136875]
20333	[66:0.01851482,1:0.01501674,76:0.01369247,69:0.01366748,5:0.01279296,0:0.01274299,75:0.01259307,2:0.01251812,74:0.01144371,3:0.01136875]
20334	[66:0.01851482,1:0.01501674,76:0.01369247,69:0.01366748,5:0.01279296,0:0.01274299,75:0.01259307,2:0.01251812,74:0.01144371,3:0.01136875]
14831	[66:0.01851482,5:0.01279296,74:0.01144371,22:0.01131877,10:0.01029434,63:0.009569736,79:0.009119984,202:0.008720204,55:0.008695218,6:0.008570286]
20335	[66:0.01851482,1:0.01501674,76:0.01369247,69:0.01366748,5:0.01279296,0:0.01274299,75:0.01259307,2:0.01251812,74:0.01144371,3:0.01136875]
14848	[66:0.01851482,1:0.01501674,76:0.01369247,69:0.01366748,5:0.01279296,0:0.01274299,75:0.01259307,74:0.01144371,3:0.01136875,22:0.01131877]
20336	[66:0.01851482,1:0.01501674,76:0.01369247,69:0.01366748,5:0.01279296,0:0.01274299,75:0.01259307,2:0.01251812,74:0.01144371,3:0.01136875]
19741	[66:0.01851482,1:0.01501674,76:0.01369247,69:0.01366748,5:0.01279296,0:0.01274299,75:0.01259307,2:0.01251812,74:0.01144371,3:0.01136875]
14872	[69:0.01366748,5:0.01279296,0:0.01274299,75:0.01259307,2:0.01251812,74:0.01144371,3:0.01136875,22:0.01131877,10:0.01029434,63:0.009569736]
14880	[66:0.01851482,1:0.01501674,76:0.01369247,5:0.01279296,0:0.01274299,75:0.01259307,2:0.01251812,74:0.01144371,3:0.01136875,22:0.01131877]
14943	[66:0.01851482,1:0.01501674,76:0.01369247,69:0.01366748,5:0.01279296,0:0.01274299,75:0.01259307,2:0.01251812,74:0.01144371,3:0.01136875]
20020	[76:0.01369247,69:0.01366748,5:0.01279296,75:0.01259307,10:0.01029434,63:0.009569736,79:0.009119984,202:0.008720204,55:0.008695218,9:0.008695218]
18738	[1:0.01501674,76:0.01369247,69:0.01366748,5:0.01279296,0:0.01274299,75:0.01259307,2:0.01251812,74:0.01144371,3:0.01136875,22:0.01131877]
20337	[66:0.01851482,1:0.01501674,76:0.01369247,69:0.01366748,5:0.01279296,0:0.01274299,75:0.01259307,2:0.01251812,74:0.01144371,3:0.01136875]
20338	[66:0.01851482,1:0.01501674,76:0.01369247,69:0.01366748,5:0.01279296,0:0.01274299,75:0.01259307,2:0.01251812,74:0.01144371,3:0.01136875]
18366	[76:0.01369247,69:0.01366748,5:0.01279296,0:0.01274299,2:0.01251812,3:0.01136875,22:0.01131877,79:0.009119984,202:0.008720204,9:0.008695218]
20339	[66:0.01851482,1:0.01501674,76:0.01369247,69:0.01366748,5:0.01279296,0:0.01274299,75:0.01259307,2:0.01251812,74:0.01144371,3:0.01136875]
20340	[66:0.01851482,1:0.01501674,76:0.01369247,69:0.01366748,5:0.01279296,0:0.01274299,75:0.01259307,2:0.01251812,74:0.01144371,3:0.01136875]
17435	[66:0.01851482,1:0.01501674,76:0.01369247,69:0.01366748,5:0.01279296,0:0.01274299,75:0.01259307,2:0.01251812,74:0.01144371,3:0.01136875]
20341	[66:0.01851482,1:0.01501674,76:0.01369247,69:0.01366748,5:0.01279296,0:0.01274299,75:0.01259307,2:0.01251812,74:0.01144371,3:0.01136875]
20342	[66:0.01851482,1:0.01501674,76:0.01369247,69:0.01366748,5:0.01279296,0:0.01274299,75:0.01259307,2:0.01251812,74:0.01144371,3:0.01136875]
20343	[66:0.01851482,1:0.01501674,76:0.01369247,69:0.01366748,5:0.01279296,0:0.01274299,75:0.01259307,2:0.01251812,74:0.01144371,3:0.01136875]
19759	[66:0.01851482,1:0.01501674,76:0.01369247,69:0.01366748,5:0.01279296,0:0.01274299,75:0.01259307,2:0.01251812,74:0.01144371,3:0.01136875]
20344	[66:0.01851482,1:0.01501674,76:0.01369247,69:0.01366748,5:0.01279296,0:0.01274299,75:0.01259307,2:0.01251812,74:0.01144371,3:0.01136875]
18750	[66:0.01851482,1:0.01501674,76:0.01369247,69:0.01366748,5:0.01279296,0:0.01274299,75:0.01259307,2:0.01251812,74:0.01144371,3:0.01136875]
17961	[66:0.01851482,1:0.01501674,76:0.01369247,69:0.01366748,5:0.01279296,0:0.01274299,75:0.01259307,2:0.01251812,74:0.01144371,3:0.01136875]
20345	[66:0.01851482,1:0.01501674,76:0.01369247,69:0.01366748,5:0.01279296,0:0.01274299,75:0.01259307,2:0.01251812,74:0.01144371,3:0.01136875]
20346	[66:0.01851482,1:0.01501674,76:0.01369247,69:0.01366748,5:0.01279296,0:0.01274299,75:0.01259307,2:0.01251812,74:0.01144371,3:0.01136875]
20347	[66:0.01851482,1:0.01501674,76:0.01369247,69:0.01366748,5:0.01279296,0:0.01274299,75:0.01259307,2:0.01251812,74:0.01144371,3:0.01136875]
20348	[66:0.01851482,1:0.01501674,76:0.01369247,69:0.01366748,5:0.01279296,0:0.01274299,75:0.01259307,2:0.01251812,74:0.01144371,3:0.01136875]
20349	[66:0.01851482,1:0.01501674,76:0.01369247,69:0.01366748,5:0.01279296,0:0.01274299,75:0.01259307,2:0.01251812,74:0.01144371,3:0.01136875]
20350	[66:0.01851482,1:0.01501674,76:0.01369247,69:0.01366748,5:0.01279296,0:0.01274299,75:0.01259307,2:0.01251812,74:0.01144371,3:0.01136875]
20351	[66:0.01851482,1:0.01501674,76:0.01369247,69:0.01366748,5:0.01279296,0:0.01274299,75:0.01259307,2:0.01251812,74:0.01144371,3:0.01136875]
20352	[66:0.01851482,1:0.01501674,76:0.01369247,69:0.01366748,5:0.01279296,0:0.01274299,75:0.01259307,2:0.01251812,74:0.01144371,3:0.01136875]
20353	[66:0.01851482,1:0.01501674,76:0.01369247,69:0.01366748,5:0.01279296,0:0.01274299,75:0.01259307,2:0.01251812,74:0.01144371,3:0.01136875]
20354	[66:0.01851482,1:0.01501674,76:0.01369247,69:0.01366748,5:0.01279296,0:0.01274299,75:0.01259307,2:0.01251812,74:0.01144371,3:0.01136875]
20355	[66:0.01851482,1:0.01501674,76:0.01369247,69:0.01366748,5:0.01279296,0:0.01274299,75:0.01259307,2:0.01251812,74:0.01144371,3:0.01136875]
20356	[66:0.01851482,1:0.01501674,76:0.01369247,69:0.01366748,5:0.01279296,0:0.01274299,75:0.01259307,2:0.01251812,74:0.01144371,3:0.01136875]
20357	[66:0.01851482,1:0.01501674,76:0.01369247,69:0.01366748,5:0.01279296,0:0.01274299,75:0.01259307,2:0.01251812,74:0.01144371,3:0.01136875]
20358	[66:0.01851482,1:0.01501674,76:0.01369247,69:0.01366748,5:0.01279296,0:0.01274299,75:0.01259307,2:0.01251812,74:0.01144371,3:0.01136875]
20359	[66:0.01851482,1:0.01501674,76:0.01369247,69:0.01366748,5:0.01279296,0:0.01274299,75:0.01259307,2:0.01251812,74:0.01144371,3:0.01136875]
20360	[66:0.01851482,1:0.01501674,76:0.01369247,69:0.01366748,5:0.01279296,0:0.01274299,75:0.01259307,2:0.01251812,74:0.01144371,3:0.01136875]
20361	[66:0.01851482,1:0.01501674,76:0.01369247,69:0.01366748,5:0.01279296,0:0.01274299,75:0.01259307,2:0.01251812,74:0.01144371,3:0.01136875]
20362	[66:0.01851482,1:0.01501674,76:0.01369247,69:0.01366748,5:0.01279296,0:0.01274299,75:0.01259307,2:0.01251812,74:0.01144371,3:0.01136875]
20363	[66:0.01851482,1:0.01501674,76:0.01369247,69:0.01366748,5:0.01279296,0:0.01274299,75:0.01259307,2:0.01251812,74:0.01144371,3:0.01136875]
20364	[66:0.01851482,1:0.01501674,76:0.01369247,69:0.01366748,5:0.01279296,0:0.01274299,75:0.01259307,2:0.01251812,74:0.01144371,3:0.01136875]
20365	[66:0.01851482,1:0.01501674,76:0.01369247,69:0.01366748,5:0.01279296,0:0.01274299,75:0.01259307,2:0.01251812,74:0.01144371,3:0.01136875]
20366	[66:0.01851482,1:0.01501674,76:0.01369247,69:0.01366748,5:0.01279296,0:0.01274299,75:0.01259307,2:0.01251812,74:0.01144371,3:0.01136875]
20367	[66:0.01851482,1:0.01501674,76:0.01369247,69:0.01366748,5:0.01279296,0:0.01274299,75:0.01259307,2:0.01251812,74:0.01144371,3:0.01136875]
20368	[66:0.01851482,1:0.01501674,76:0.01369247,69:0.01366748,5:0.01279296,0:0.01274299,75:0.01259307,2:0.01251812,74:0.01144371,3:0.01136875]
20369	[66:0.01851482,1:0.01501674,76:0.01369247,69:0.01366748,5:0.01279296,0:0.01274299,75:0.01259307,2:0.01251812,74:0.01144371,3:0.01136875]
8361	[76:0.01369247,5:0.01279296,0:0.01274299,22:0.01131877,63:0.009569736,79:0.009119984,202:0.008720204,9:0.008695218,6:0.008570286,19:0.00834541]
20370	[66:0.01851482,1:0.01501674,76:0.01369247,69:0.01366748,5:0.01279296,0:0.01274299,75:0.01259307,2:0.01251812,74:0.01144371,3:0.01136875]
20371	[66:0.01851482,1:0.01501674,76:0.01369247,69:0.01366748,5:0.01279296,0:0.01274299,75:0.01259307,2:0.01251812,74:0.01144371,3:0.01136875]
20372	[66:0.01851482,1:0.01501674,76:0.01369247,69:0.01366748,5:0.01279296,0:0.01274299,75:0.01259307,2:0.01251812,74:0.01144371,3:0.01136875]
20373	[66:0.01851482,1:0.01501674,76:0.01369247,69:0.01366748,5:0.01279296,0:0.01274299,75:0.01259307,2:0.01251812,74:0.01144371,3:0.01136875]
20374	[66:0.01851482,1:0.01501674,76:0.01369247,69:0.01366748,5:0.01279296,0:0.01274299,75:0.01259307,2:0.01251812,74:0.01144371,3:0.01136875]
20375	[66:0.01851482,1:0.01501674,76:0.01369247,69:0.01366748,5:0.01279296,0:0.01274299,75:0.01259307,2:0.01251812,74:0.01144371,3:0.01136875]
20376	[66:0.01851482,1:0.01501674,76:0.01369247,69:0.01366748,5:0.01279296,0:0.01274299,75:0.01259307,2:0.01251812,74:0.01144371,3:0.01136875]
8418	[66:0.01851482,1:0.01501674,76:0.01369247,0:0.01274299,75:0.01259307,2:0.01251812,74:0.01144371,3:0.01136875,22:0.01131877,10:0.01029434]
20377	[66:0.01851482,1:0.01501674,76:0.01369247,69:0.01366748,5:0.01279296,0:0.01274299,75:0.01259307,2:0.01251812,74:0.01144371,3:0.01136875]
20378	[66:0.01851482,1:0.01501674,76:0.01369247,69:0.01366748,5:0.01279296,0:0.01274299,75:0.01259307,2:0.01251812,74:0.01144371,3:0.01136875]
8481	[66:0.01851482,1:0.01501674,76:0.01369247,69:0.01366748,5:0.01279296,0:0.01274299,75:0.01259307,2:0.01251812,74:0.01144371,3:0.01136875]
20379	[66:0.01851482,1:0.01501674,76:0.01369247,69:0.01366748,5:0.01279296,0:0.01274299,75:0.01259307,2:0.01251812,74:0.01144371,3:0.01136875]
18763	[66:0.01851482,1:0.01501674,76:0.01369247,69:0.01366748,5:0.01279296,0:0.01274299,75:0.01259307,2:0.01251812,74:0.01144371,3:0.01136875]
19293	[1:0.01501674,76:0.01369247,5:0.01279296,0:0.01274299,75:0.01259307,2:0.01251812,74:0.01144371,3:0.01136875,22:0.01131877,10:0.01029434]
1504	[66:0.01851482,1:0.01501674,76:0.01369247,69:0.01366748,5:0.01279296,0:0.01274299,75:0.01259307,74:0.01144371,3:0.01136875,22:0.01131877]
20380	[66:0.01851482,1:0.01501674,76:0.01369247,69:0.01366748,5:0.01279296,0:0.01274299,75:0.01259307,2:0.01251812,74:0.01144371,3:0.01136875]
20381	[66:0.01851482,1:0.01501674,76:0.01369247,69:0.01366748,5:0.01279296,0:0.01274299,75:0.01259307,2:0.01251812,74:0.01144371,3:0.01136875]
8628	[66:0.01851482,1:0.01501674,76:0.01369247,69:0.01366748,5:0.01279296,0:0.01274299,75:0.01259307,2:0.01251812,74:0.01144371,3:0.01136875]
19513	[66:0.01851482,1:0.01501674,76:0.01369247,69:0.01366748,5:0.01279296,0:0.01274299,75:0.01259307,2:0.01251812,74:0.01144371,3:0.01136875]
20382	[66:0.01851482,1:0.01501674,76:0.01369247,69:0.01366748,5:0.01279296,0:0.01274299,75:0.01259307,2:0.01251812,74:0.01144371,3:0.01136875]
20383	[66:0.01851482,1:0.01501674,76:0.01369247,69:0.01366748,5:0.01279296,0:0.01274299,75:0.01259307,2:0.01251812,74:0.01144371,3:0.01136875]
20384	[66:0.01851482,1:0.01501674,76:0.01369247,69:0.01366748,5:0.01279296,0:0.01274299,75:0.01259307,2:0.01251812,74:0.01144371,3:0.01136875]
20385	[66:0.01851482,1:0.01501674,76:0.01369247,69:0.01366748,5:0.01279296,0:0.01274299,75:0.01259307,2:0.01251812,74:0.01144371,3:0.01136875]
8752	[66:0.01851482,1:0.01501674,76:0.01369247,69:0.01366748,5:0.01279296,0:0.01274299,75:0.01259307,2:0.01251812,3:0.01136875,22:0.01131877]
20386	[66:0.01851482,1:0.01501674,76:0.01369247,69:0.01366748,5:0.01279296,0:0.01274299,75:0.01259307,2:0.01251812,74:0.01144371,3:0.01136875]
8801	[66:0.01851482,1:0.01501674,76:0.01369247,69:0.01366748,5:0.01279296,0:0.01274299,75:0.01259307,2:0.01251812,74:0.01144371,3:0.01136875]
20387	[66:0.01851482,1:0.01501674,76:0.01369247,69:0.01366748,5:0.01279296,0:0.01274299,75:0.01259307,2:0.01251812,74:0.01144371,3:0.01136875]
20388	[66:0.01851482,1:0.01501674,76:0.01369247,69:0.01366748,5:0.01279296,0:0.01274299,75:0.01259307,2:0.01251812,74:0.01144371,3:0.01136875]
8945	[66:0.01851482,1:0.01501674,76:0.01369247,69:0.01366748,5:0.01279296,0:0.01274299,75:0.01259307,2:0.01251812,74:0.01144371,3:0.01136875]
20389	[66:0.01851482,1:0.01501674,76:0.01369247,69:0.01366748,5:0.01279296,0:0.01274299,75:0.01259307,2:0.01251812,74:0.01144371,3:0.01136875]
20390	[66:0.01851482,1:0.01501674,76:0.01369247,69:0.01366748,5:0.01279296,0:0.01274299,75:0.01259307,2:0.01251812,74:0.01144371,3:0.01136875]
20391	[66:0.01851482,1:0.01501674,76:0.01369247,69:0.01366748,5:0.01279296,0:0.01274299,75:0.01259307,2:0.01251812,74:0.01144371,3:0.01136875]
19793	[66:0.01851482,1:0.01501674,76:0.01369247,69:0.01366748,5:0.01279296,0:0.01274299,75:0.01259307,2:0.01251812,74:0.01144371,3:0.01136875]
20392	[66:0.01851482,1:0.01501674,76:0.01369247,69:0.01366748,5:0.01279296,0:0.01274299,75:0.01259307,2:0.01251812,74:0.01144371,3:0.01136875]
20393	[66:0.01851482,1:0.01501674,76:0.01369247,69:0.01366748,5:0.01279296,0:0.01274299,75:0.01259307,2:0.01251812,74:0.01144371,3:0.01136875]
20394	[66:0.01851482,1:0.01501674,76:0.01369247,69:0.01366748,5:0.01279296,0:0.01274299,75:0.01259307,2:0.01251812,74:0.01144371,3:0.01136875]
9051	[66:0.01851482,1:0.01501674,76:0.01369247,69:0.01366748,5:0.01279296,0:0.01274299,75:0.01259307,2:0.01251812,74:0.01144371,3:0.01136875]
9087	[66:0.01851482,1:0.01501674,76:0.01369247,69:0.01366748,5:0.01279296,0:0.01274299,75:0.01259307,2:0.01251812,74:0.01144371,3:0.01136875]
20395	[66:0.01851482,1:0.01501674,76:0.01369247,69:0.01366748,5:0.01279296,0:0.01274299,75:0.01259307,2:0.01251812,74:0.01144371,3:0.01136875]
17989	[66:0.01851482,1:0.01501674,76:0.01369247,69:0.01366748,5:0.01279296,0:0.01274299,75:0.01259307,2:0.01251812,74:0.01144371,3:0.01136875]
15227	[66:0.01851482,1:0.01501674,76:0.01369247,69:0.01366748,5:0.01279296,0:0.01274299,75:0.01259307,2:0.01251812,74:0.01144371,3:0.01136875]
15241	[66:0.01851482,1:0.01501674,76:0.01369247,69:0.01366748,5:0.01279296,0:0.01274299,75:0.01259307,2:0.01251812,74:0.01144371,3:0.01136875]
9211	[69:0.01366748,5:0.01279296,2:0.01251812,74:0.01144371,22:0.01131877,10:0.01029434,63:0.009569736,79:0.009119984,9:0.008695218,6:0.008570286]
9251	[66:0.01851482,76:0.01369247,69:0.01366748,5:0.01279296,0:0.01274299,75:0.01259307,2:0.01251812,74:0.01144371,3:0.01136875,22:0.01131877]
9277	[66:0.01851482,1:0.01501674,76:0.01369247,69:0.01366748,5:0.01279296,0:0.01274299,75:0.01259307,2:0.01251812,74:0.01144371,3:0.01136875]
9388	[66:0.01851482,1:0.01501674,76:0.01369247,69:0.01366748,5:0.01279296,0:0.01274299,75:0.01259307,2:0.01251812,74:0.01144371,3:0.01136875]
19300	[66:0.01851482,1:0.01501674,76:0.01369247,69:0.01366748,5:0.01279296,0:0.01274299,75:0.01259307,74:0.01144371,3:0.01136875,22:0.01131877]
9437	[9:0.008695218,205:0.007895658,198:0.007071111,226:0.00587177,8:0.005621908,94:0.005447004,194:0.005097196,23:0.004972265,80:0.004922293,26:0.004847334]
20396	[66:0.01851482,1:0.01501674,76:0.01369247,69:0.01366748,5:0.01279296,0:0.01274299,75:0.01259307,2:0.01251812,74:0.01144371,3:0.01136875]
17994	[66:0.01851482,1:0.01501674,76:0.01369247,69:0.01366748,5:0.01279296,0:0.01274299,75:0.01259307,2:0.01251812,74:0.01144371,3:0.01136875]
9659	[66:0.01851482,1:0.01501674,76:0.01369247,69:0.01366748,5:0.01279296,0:0.01274299,75:0.01259307,2:0.01251812,74:0.01144371,3:0.01136875]
9747	[66:0.01851482,1:0.01501674,76:0.01369247,69:0.01366748,5:0.01279296,0:0.01274299,75:0.01259307,2:0.01251812,74:0.01144371,3:0.01136875]
15492	[66:0.01851482,1:0.01501674,76:0.01369247,69:0.01366748,5:0.01279296,0:0.01274299,75:0.01259307,2:0.01251812,74:0.01144371,3:0.01136875]
15650	[66:0.01851482,1:0.01501674,76:0.01369247,69:0.01366748,5:0.01279296,0:0.01274299,75:0.01259307,2:0.01251812,74:0.01144371,3:0.01136875]
15670	[66:0.01851482,1:0.01501674,76:0.01369247,69:0.01366748,5:0.01279296,0:0.01274299,75:0.01259307,2:0.01251812,74:0.01144371,3:0.01136875]
20086	[66:0.01851482,1:0.01501674,76:0.01369247,69:0.01366748,5:0.01279296,0:0.01274299,75:0.01259307,2:0.01251812,74:0.01144371,3:0.01136875]
1624	[1:0.01501674,76:0.01369247,69:0.01366748,5:0.01279296,0:0.01274299,75:0.01259307,2:0.01251812,74:0.01144371,3:0.01136875,22:0.01131877]
15849	[66:0.01851482,1:0.01501674,76:0.01369247,69:0.01366748,5:0.01279296,0:0.01274299,75:0.01259307,2:0.01251812,74:0.01144371,3:0.01136875]
20397	[66:0.01851482,1:0.01501674,76:0.01369247,69:0.01366748,5:0.01279296,0:0.01274299,75:0.01259307,2:0.01251812,74:0.01144371,3:0.01136875]
15945	[76:0.01369247,69:0.01366748,5:0.01279296,0:0.01274299,75:0.01259307,3:0.01136875,22:0.01131877,63:0.009569736,79:0.009119984,55:0.008695218]
15976	[66:0.01851482,1:0.01501674,76:0.01369247,69:0.01366748,5:0.01279296,0:0.01274299,75:0.01259307,2:0.01251812,74:0.01144371,3:0.01136875]
19311	[66:0.01851482,1:0.01501674,76:0.01369247,69:0.01366748,5:0.01279296,0:0.01274299,75:0.01259307,2:0.01251812,74:0.01144371,3:0.01136875]
10139	[66:0.01851482,1:0.01501674,69:0.01366748,5:0.01279296,0:0.01274299,75:0.01259307,2:0.01251812,3:0.01136875,22:0.01131877,10:0.01029434]
16099	[66:0.01851482,76:0.01369247,69:0.01366748,0:0.01274299,2:0.01251812,74:0.01144371,22:0.01131877,63:0.009569736,79:0.009119984,9:0.008695218]
10153	[69:0.01366748,5:0.01279296,2:0.01251812,10:0.01029434,63:0.009569736,79:0.009119984,55:0.008695218,9:0.008695218,6:0.008570286,19:0.00834541]
20398	[66:0.01851482,1:0.01501674,76:0.01369247,69:0.01366748,5:0.01279296,0:0.01274299,75:0.01259307,2:0.01251812,74:0.01144371,3:0.01136875]
18045	[66:0.01851482,1:0.01501674,76:0.01369247,69:0.01366748,5:0.01279296,0:0.01274299,75:0.01259307,2:0.01251812,74:0.01144371,3:0.01136875]
18048	[66:0.01851482,1:0.01501674,76:0.01369247,69:0.01366748,5:0.01279296,0:0.01274299,75:0.01259307,2:0.01251812,74:0.01144371,3:0.01136875]
1659	[69:0.01366748,5:0.01279296,0:0.01274299,2:0.01251812,22:0.01131877,10:0.01029434,63:0.009569736,202:0.008720204,9:0.008695218,55:0.008695218]
10204	[66:0.01851482,1:0.01501674,76:0.01369247,69:0.01366748,5:0.01279296,0:0.01274299,2:0.01251812,74:0.01144371,3:0.01136875,22:0.01131877]
20399	[66:0.01851482,1:0.01501674,76:0.01369247,69:0.01366748,5:0.01279296,0:0.01274299,75:0.01259307,2:0.01251812,74:0.01144371,3:0.01136875]
20400	[66:0.01851482,1:0.01501674,76:0.01369247,69:0.01366748,5:0.01279296,0:0.01274299,75:0.01259307,2:0.01251812,74:0.01144371,3:0.01136875]
20401	[66:0.01851482,1:0.01501674,76:0.01369247,69:0.01366748,5:0.01279296,0:0.01274299,75:0.01259307,2:0.01251812,74:0.01144371,3:0.01136875]
20402	[66:0.01851482,1:0.01501674,76:0.01369247,69:0.01366748,5:0.01279296,0:0.01274299,75:0.01259307,2:0.01251812,74:0.01144371,3:0.01136875]
1665	[66:0.01851482,1:0.01501674,76:0.01369247,69:0.01366748,5:0.01279296,0:0.01274299,75:0.01259307,74:0.01144371,3:0.01136875,22:0.01131877]
20403	[66:0.01851482,1:0.01501674,76:0.01369247,69:0.01366748,5:0.01279296,0:0.01274299,75:0.01259307,2:0.01251812,74:0.01144371,3:0.01136875]
10259	[76:0.01369247,69:0.01366748,5:0.01279296,0:0.01274299,75:0.01259307,74:0.01144371,22:0.01131877,10:0.01029434,63:0.009569736,79:0.009119984]
20404	[66:0.01851482,1:0.01501674,76:0.01369247,69:0.01366748,5:0.01279296,0:0.01274299,75:0.01259307,2:0.01251812,74:0.01144371,3:0.01136875]
10263	[66:0.01851482,1:0.01501674,69:0.01366748,5:0.01279296,0:0.01274299,2:0.01251812,74:0.01144371,3:0.01136875,22:0.01131877,10:0.01029434]
20405	[66:0.01851482,1:0.01501674,76:0.01369247,69:0.01366748,5:0.01279296,0:0.01274299,75:0.01259307,2:0.01251812,74:0.01144371,3:0.01136875]
20406	[66:0.01851482,1:0.01501674,76:0.01369247,69:0.01366748,5:0.01279296,0:0.01274299,75:0.01259307,2:0.01251812,74:0.01144371,3:0.01136875]
20407	[66:0.01851482,1:0.01501674,76:0.01369247,69:0.01366748,5:0.01279296,0:0.01274299,75:0.01259307,2:0.01251812,74:0.01144371,3:0.01136875]
20408	[66:0.01851482,1:0.01501674,76:0.01369247,69:0.01366748,5:0.01279296,0:0.01274299,75:0.01259307,2:0.01251812,74:0.01144371,3:0.01136875]
20409	[66:0.01851482,1:0.01501674,76:0.01369247,69:0.01366748,5:0.01279296,0:0.01274299,75:0.01259307,2:0.01251812,74:0.01144371,3:0.01136875]
20410	[66:0.01851482,1:0.01501674,76:0.01369247,69:0.01366748,5:0.01279296,0:0.01274299,75:0.01259307,2:0.01251812,74:0.01144371,3:0.01136875]
18072	[66:0.01851482,1:0.01501674,76:0.01369247,69:0.01366748,5:0.01279296,0:0.01274299,75:0.01259307,2:0.01251812,74:0.01144371,3:0.01136875]
10328	[66:0.01851482,1:0.01501674,76:0.01369247,69:0.01366748,5:0.01279296,0:0.01274299,75:0.01259307,2:0.01251812,74:0.01144371,3:0.01136875]
20411	[66:0.01851482,1:0.01501674,76:0.01369247,69:0.01366748,5:0.01279296,0:0.01274299,75:0.01259307,2:0.01251812,74:0.01144371,3:0.01136875]
20412	[66:0.01851482,1:0.01501674,76:0.01369247,69:0.01366748,5:0.01279296,0:0.01274299,75:0.01259307,2:0.01251812,74:0.01144371,3:0.01136875]
20413	[66:0.01851482,1:0.01501674,76:0.01369247,69:0.01366748,5:0.01279296,0:0.01274299,75:0.01259307,2:0.01251812,74:0.01144371,3:0.01136875]
20414	[66:0.01851482,1:0.01501674,76:0.01369247,69:0.01366748,5:0.01279296,0:0.01274299,75:0.01259307,2:0.01251812,74:0.01144371,3:0.01136875]
20415	[66:0.01851482,1:0.01501674,76:0.01369247,69:0.01366748,5:0.01279296,0:0.01274299,75:0.01259307,2:0.01251812,74:0.01144371,3:0.01136875]
20416	[66:0.01851482,1:0.01501674,76:0.01369247,69:0.01366748,5:0.01279296,0:0.01274299,75:0.01259307,2:0.01251812,74:0.01144371,3:0.01136875]
20417	[66:0.01851482,1:0.01501674,76:0.01369247,69:0.01366748,5:0.01279296,0:0.01274299,75:0.01259307,2:0.01251812,74:0.01144371,3:0.01136875]
16602	[66:0.01851482,1:0.01501674,76:0.01369247,69:0.01366748,5:0.01279296,0:0.01274299,75:0.01259307,2:0.01251812,74:0.01144371,3:0.01136875]
20418	[66:0.01851482,1:0.01501674,76:0.01369247,69:0.01366748,5:0.01279296,0:0.01274299,75:0.01259307,2:0.01251812,74:0.01144371,3:0.01136875]
20419	[66:0.01851482,1:0.01501674,76:0.01369247,69:0.01366748,5:0.01279296,0:0.01274299,75:0.01259307,2:0.01251812,74:0.01144371,3:0.01136875]
20420	[66:0.01851482,1:0.01501674,76:0.01369247,69:0.01366748,5:0.01279296,0:0.01274299,75:0.01259307,2:0.01251812,74:0.01144371,3:0.01136875]
19560	[66:0.01851482,1:0.01501674,76:0.01369247,69:0.01366748,5:0.01279296,0:0.01274299,75:0.01259307,2:0.01251812,74:0.01144371,3:0.01136875]
20421	[66:0.01851482,1:0.01501674,76:0.01369247,69:0.01366748,5:0.01279296,0:0.01274299,75:0.01259307,2:0.01251812,74:0.01144371,3:0.01136875]
20422	[66:0.01851482,1:0.01501674,76:0.01369247,69:0.01366748,5:0.01279296,0:0.01274299,75:0.01259307,2:0.01251812,74:0.01144371,3:0.01136875]
20423	[66:0.01851482,1:0.01501674,76:0.01369247,69:0.01366748,5:0.01279296,0:0.01274299,75:0.01259307,2:0.01251812,74:0.01144371,3:0.01136875]
18830	[66:0.01851482,1:0.01501674,76:0.01369247,69:0.01366748,5:0.01279296,0:0.01274299,75:0.01259307,2:0.01251812,74:0.01144371,3:0.01136875]
20424	[66:0.01851482,1:0.01501674,76:0.01369247,69:0.01366748,5:0.01279296,0:0.01274299,75:0.01259307,2:0.01251812,74:0.01144371,3:0.01136875]
20425	[66:0.01851482,1:0.01501674,76:0.01369247,69:0.01366748,5:0.01279296,0:0.01274299,75:0.01259307,2:0.01251812,74:0.01144371,3:0.01136875]
20426	[66:0.01851482,1:0.01501674,76:0.01369247,69:0.01366748,5:0.01279296,0:0.01274299,75:0.01259307,2:0.01251812,74:0.01144371,3:0.01136875]
10406	[66:0.01851482,76:0.01369247,69:0.01366748,5:0.01279296,75:0.01259307,74:0.01144371,3:0.01136875,10:0.01029434,63:0.009569736,79:0.009119984]
20427	[66:0.01851482,1:0.01501674,76:0.01369247,69:0.01366748,5:0.01279296,0:0.01274299,75:0.01259307,2:0.01251812,74:0.01144371,3:0.01136875]
20428	[66:0.01851482,1:0.01501674,76:0.01369247,69:0.01366748,5:0.01279296,0:0.01274299,75:0.01259307,2:0.01251812,74:0.01144371,3:0.01136875]
20429	[66:0.01851482,1:0.01501674,76:0.01369247,69:0.01366748,5:0.01279296,0:0.01274299,75:0.01259307,2:0.01251812,74:0.01144371,3:0.01136875]
20430	[66:0.01851482,1:0.01501674,76:0.01369247,69:0.01366748,5:0.01279296,0:0.01274299,75:0.01259307,2:0.01251812,74:0.01144371,3:0.01136875]
19837	[66:0.01851482,1:0.01501674,76:0.01369247,69:0.01366748,5:0.01279296,0:0.01274299,75:0.01259307,2:0.01251812,74:0.01144371,3:0.01136875]
20431	[66:0.01851482,1:0.01501674,76:0.01369247,69:0.01366748,5:0.01279296,0:0.01274299,75:0.01259307,2:0.01251812,74:0.01144371,3:0.01136875]
16686	[66:0.01851482,76:0.01369247,5:0.01279296,0:0.01274299,75:0.01259307,3:0.01136875,22:0.01131877,10:0.01029434,79:0.009119984,202:0.008720204]
20432	[66:0.01851482,1:0.01501674,76:0.01369247,69:0.01366748,5:0.01279296,0:0.01274299,75:0.01259307,2:0.01251812,74:0.01144371,3:0.01136875]
20433	[66:0.01851482,1:0.01501674,76:0.01369247,69:0.01366748,5:0.01279296,0:0.01274299,75:0.01259307,2:0.01251812,74:0.01144371,3:0.01136875]
20434	[66:0.01851482,1:0.01501674,76:0.01369247,69:0.01366748,5:0.01279296,0:0.01274299,75:0.01259307,2:0.01251812,74:0.01144371,3:0.01136875]
18551	[76:0.01369247,69:0.01366748,5:0.01279296,0:0.01274299,75:0.01259307,2:0.01251812,74:0.01144371,3:0.01136875,22:0.01131877,10:0.01029434]
20435	[66:0.01851482,1:0.01501674,76:0.01369247,69:0.01366748,5:0.01279296,0:0.01274299,75:0.01259307,2:0.01251812,74:0.01144371,3:0.01136875]
20436	[66:0.01851482,1:0.01501674,76:0.01369247,69:0.01366748,5:0.01279296,0:0.01274299,75:0.01259307,2:0.01251812,74:0.01144371,3:0.01136875]
20437	[66:0.01851482,1:0.01501674,76:0.01369247,69:0.01366748,5:0.01279296,0:0.01274299,75:0.01259307,2:0.01251812,74:0.01144371,3:0.01136875]
20438	[66:0.01851482,1:0.01501674,76:0.01369247,69:0.01366748,5:0.01279296,0:0.01274299,75:0.01259307,2:0.01251812,74:0.01144371,3:0.01136875]
20439	[66:0.01851482,1:0.01501674,76:0.01369247,69:0.01366748,5:0.01279296,0:0.01274299,75:0.01259307,2:0.01251812,74:0.01144371,3:0.01136875]
20440	[66:0.01851482,1:0.01501674,76:0.01369247,69:0.01366748,5:0.01279296,0:0.01274299,75:0.01259307,2:0.01251812,74:0.01144371,3:0.01136875]
20441	[66:0.01851482,1:0.01501674,76:0.01369247,69:0.01366748,5:0.01279296,0:0.01274299,75:0.01259307,2:0.01251812,74:0.01144371,3:0.01136875]
20442	[66:0.01851482,1:0.01501674,76:0.01369247,69:0.01366748,5:0.01279296,0:0.01274299,75:0.01259307,2:0.01251812,74:0.01144371,3:0.01136875]
20443	[66:0.01851482,1:0.01501674,76:0.01369247,69:0.01366748,5:0.01279296,0:0.01274299,75:0.01259307,2:0.01251812,74:0.01144371,3:0.01136875]
20444	[66:0.01851482,1:0.01501674,76:0.01369247,69:0.01366748,5:0.01279296,0:0.01274299,75:0.01259307,2:0.01251812,74:0.01144371,3:0.01136875]
20445	[66:0.01851482,1:0.01501674,76:0.01369247,69:0.01366748,5:0.01279296,0:0.01274299,75:0.01259307,2:0.01251812,74:0.01144371,3:0.01136875]
20446	[66:0.01851482,1:0.01501674,76:0.01369247,69:0.01366748,5:0.01279296,0:0.01274299,75:0.01259307,2:0.01251812,74:0.01144371,3:0.01136875]
20447	[66:0.01851482,1:0.01501674,76:0.01369247,69:0.01366748,5:0.01279296,0:0.01274299,75:0.01259307,2:0.01251812,74:0.01144371,3:0.01136875]
20448	[66:0.01851482,1:0.01501674,76:0.01369247,69:0.01366748,5:0.01279296,0:0.01274299,75:0.01259307,2:0.01251812,74:0.01144371,3:0.01136875]
20449	[66:0.01851482,1:0.01501674,76:0.01369247,69:0.01366748,5:0.01279296,0:0.01274299,75:0.01259307,2:0.01251812,74:0.01144371,3:0.01136875]
20450	[66:0.01851482,1:0.01501674,76:0.01369247,69:0.01366748,5:0.01279296,0:0.01274299,75:0.01259307,2:0.01251812,74:0.01144371,3:0.01136875]
20451	[66:0.01851482,1:0.01501674,76:0.01369247,69:0.01366748,5:0.01279296,0:0.01274299,75:0.01259307,2:0.01251812,74:0.01144371,3:0.01136875]
20452	[66:0.01851482,1:0.01501674,76:0.01369247,69:0.01366748,5:0.01279296,0:0.01274299,75:0.01259307,2:0.01251812,74:0.01144371,3:0.01136875]
20453	[66:0.01851482,1:0.01501674,76:0.01369247,69:0.01366748,5:0.01279296,0:0.01274299,75:0.01259307,2:0.01251812,74:0.01144371,3:0.01136875]
20454	[66:0.01851482,1:0.01501674,76:0.01369247,69:0.01366748,5:0.01279296,0:0.01274299,75:0.01259307,2:0.01251812,74:0.01144371,3:0.01136875]
19079	[66:0.01851482,1:0.01501674,76:0.01369247,69:0.01366748,5:0.01279296,0:0.01274299,75:0.01259307,2:0.01251812,74:0.01144371,3:0.01136875]
20455	[66:0.01851482,1:0.01501674,76:0.01369247,69:0.01366748,5:0.01279296,0:0.01274299,75:0.01259307,2:0.01251812,74:0.01144371,3:0.01136875]
20456	[66:0.01851482,1:0.01501674,76:0.01369247,69:0.01366748,5:0.01279296,0:0.01274299,75:0.01259307,2:0.01251812,74:0.01144371,3:0.01136875]
20457	[66:0.01851482,1:0.01501674,76:0.01369247,69:0.01366748,5:0.01279296,0:0.01274299,75:0.01259307,2:0.01251812,74:0.01144371,3:0.01136875]
20160	[66:0.01851482,1:0.01501674,76:0.01369247,69:0.01366748,5:0.01279296,0:0.01274299,75:0.01259307,2:0.01251812,74:0.01144371,3:0.01136875]
20458	[66:0.01851482,1:0.01501674,76:0.01369247,69:0.01366748,5:0.01279296,0:0.01274299,75:0.01259307,2:0.01251812,74:0.01144371,3:0.01136875]
20459	[66:0.01851482,1:0.01501674,76:0.01369247,69:0.01366748,5:0.01279296,0:0.01274299,75:0.01259307,2:0.01251812,74:0.01144371,3:0.01136875]
20460	[66:0.01851482,1:0.01501674,76:0.01369247,69:0.01366748,5:0.01279296,0:0.01274299,75:0.01259307,2:0.01251812,74:0.01144371,3:0.01136875]
20461	[66:0.01851482,1:0.01501674,76:0.01369247,69:0.01366748,5:0.01279296,0:0.01274299,75:0.01259307,2:0.01251812,74:0.01144371,3:0.01136875]
20462	[66:0.01851482,1:0.01501674,76:0.01369247,69:0.01366748,5:0.01279296,0:0.01274299,75:0.01259307,2:0.01251812,74:0.01144371,3:0.01136875]
20463	[66:0.01851482,1:0.01501674,76:0.01369247,69:0.01366748,5:0.01279296,0:0.01274299,75:0.01259307,2:0.01251812,74:0.01144371,3:0.01136875]
20167	[66:0.01851482,1:0.01501674,76:0.01369247,69:0.01366748,5:0.01279296,0:0.01274299,75:0.01259307,2:0.01251812,74:0.01144371,3:0.01136875]
20464	[66:0.01851482,1:0.01501674,76:0.01369247,69:0.01366748,5:0.01279296,0:0.01274299,75:0.01259307,2:0.01251812,74:0.01144371,3:0.01136875]
20465	[66:0.01851482,1:0.01501674,76:0.01369247,69:0.01366748,5:0.01279296,0:0.01274299,75:0.01259307,2:0.01251812,74:0.01144371,3:0.01136875]
20466	[66:0.01851482,1:0.01501674,76:0.01369247,69:0.01366748,5:0.01279296,0:0.01274299,75:0.01259307,2:0.01251812,74:0.01144371,3:0.01136875]
20467	[66:0.01851482,1:0.01501674,76:0.01369247,69:0.01366748,5:0.01279296,0:0.01274299,75:0.01259307,2:0.01251812,74:0.01144371,3:0.01136875]
20468	[66:0.01851482,1:0.01501674,76:0.01369247,69:0.01366748,5:0.01279296,0:0.01274299,75:0.01259307,2:0.01251812,74:0.01144371,3:0.01136875]
20469	[66:0.01851482,1:0.01501674,76:0.01369247,69:0.01366748,5:0.01279296,0:0.01274299,75:0.01259307,2:0.01251812,74:0.01144371,3:0.01136875]
20470	[66:0.01851482,1:0.01501674,76:0.01369247,69:0.01366748,5:0.01279296,0:0.01274299,75:0.01259307,2:0.01251812,74:0.01144371,3:0.01136875]
19088	[66:0.01851482,1:0.01501674,76:0.01369247,69:0.01366748,5:0.01279296,0:0.01274299,75:0.01259307,2:0.01251812,74:0.01144371,3:0.01136875]
20471	[66:0.01851482,1:0.01501674,76:0.01369247,69:0.01366748,5:0.01279296,0:0.01274299,75:0.01259307,2:0.01251812,74:0.01144371,3:0.01136875]
20472	[66:0.01851482,1:0.01501674,76:0.01369247,69:0.01366748,5:0.01279296,0:0.01274299,75:0.01259307,2:0.01251812,74:0.01144371,3:0.01136875]
20473	[66:0.01851482,1:0.01501674,76:0.01369247,69:0.01366748,5:0.01279296,0:0.01274299,75:0.01259307,2:0.01251812,74:0.01144371,3:0.01136875]
20474	[66:0.01851482,1:0.01501674,76:0.01369247,69:0.01366748,5:0.01279296,0:0.01274299,75:0.01259307,2:0.01251812,74:0.01144371,3:0.01136875]
20475	[66:0.01851482,1:0.01501674,76:0.01369247,69:0.01366748,5:0.01279296,0:0.01274299,75:0.01259307,2:0.01251812,74:0.01144371,3:0.01136875]
20476	[66:0.01851482,1:0.01501674,76:0.01369247,69:0.01366748,5:0.01279296,0:0.01274299,75:0.01259307,2:0.01251812,74:0.01144371,3:0.01136875]
20477	[66:0.01851482,1:0.01501674,76:0.01369247,69:0.01366748,5:0.01279296,0:0.01274299,75:0.01259307,2:0.01251812,74:0.01144371,3:0.01136875]
20478	[66:0.01851482,1:0.01501674,76:0.01369247,69:0.01366748,5:0.01279296,0:0.01274299,75:0.01259307,2:0.01251812,74:0.01144371,3:0.01136875]
20479	[66:0.01851482,1:0.01501674,76:0.01369247,69:0.01366748,5:0.01279296,0:0.01274299,75:0.01259307,2:0.01251812,74:0.01144371,3:0.01136875]
1702	[66:0.01851482,1:0.01501674,76:0.01369247,69:0.01366748,5:0.01279296,0:0.01274299,75:0.01259307,74:0.01144371,3:0.01136875,22:0.01131877]
20480	[66:0.01851482,1:0.01501674,76:0.01369247,69:0.01366748,5:0.01279296,0:0.01274299,75:0.01259307,2:0.01251812,74:0.01144371,3:0.01136875]
20481	[66:0.01851482,1:0.01501674,76:0.01369247,69:0.01366748,5:0.01279296,0:0.01274299,75:0.01259307,2:0.01251812,74:0.01144371,3:0.01136875]
20482	[66:0.01851482,1:0.01501674,76:0.01369247,69:0.01366748,5:0.01279296,0:0.01274299,75:0.01259307,2:0.01251812,74:0.01144371,3:0.01136875]
20483	[66:0.01851482,1:0.01501674,76:0.01369247,69:0.01366748,5:0.01279296,0:0.01274299,75:0.01259307,2:0.01251812,74:0.01144371,3:0.01136875]
16914	[66:0.01851482,1:0.01501674,76:0.01369247,69:0.01366748,5:0.01279296,0:0.01274299,75:0.01259307,2:0.01251812,74:0.01144371,3:0.01136875]
1719	[66:0.01851482,76:0.01369247,69:0.01366748,5:0.01279296,74:0.01144371,63:0.009569736,79:0.009119984,202:0.008720204,9:0.008695218,55:0.008695218]
20484	[66:0.01851482,1:0.01501674,76:0.01369247,69:0.01366748,5:0.01279296,0:0.01274299,75:0.01259307,2:0.01251812,74:0.01144371,3:0.01136875]
20485	[66:0.01851482,1:0.01501674,76:0.01369247,69:0.01366748,5:0.01279296,0:0.01274299,75:0.01259307,2:0.01251812,74:0.01144371,3:0.01136875]
1727	[66:0.01851482,1:0.01501674,76:0.01369247,69:0.01366748,75:0.01259307,74:0.01144371,22:0.01131877,79:0.009119984,202:0.008720204,55:0.008695218]
20486	[66:0.01851482,1:0.01501674,76:0.01369247,69:0.01366748,5:0.01279296,0:0.01274299,75:0.01259307,2:0.01251812,74:0.01144371,3:0.01136875]
1753	[106:0.006246564,53:0.005896757,26:0.004847334,15:0.003772925,88:0.0032732,122:0.002748488,85:0.002573584,107:0.002223777,227:0.002198791,16:0.002148818]
17010	[66:0.01851482,1:0.01501674,76:0.01369247,69:0.01366748,5:0.01279296,0:0.01274299,75:0.01259307,2:0.01251812,74:0.01144371,3:0.01136875]
20487	[66:0.01851482,1:0.01501674,76:0.01369247,69:0.01366748,5:0.01279296,0:0.01274299,75:0.01259307,2:0.01251812,74:0.01144371,3:0.01136875]
10839	[66:0.01851482,1:0.01501674,76:0.01369247,69:0.01366748,5:0.01279296,0:0.01274299,75:0.01259307,2:0.01251812,74:0.01144371,3:0.01136875]
17034	[66:0.01851482,1:0.01501674,76:0.01369247,69:0.01366748,5:0.01279296,0:0.01274299,75:0.01259307,2:0.01251812,74:0.01144371,3:0.01136875]
20488	[66:0.01851482,1:0.01501674,76:0.01369247,69:0.01366748,5:0.01279296,0:0.01274299,75:0.01259307,2:0.01251812,74:0.01144371,3:0.01136875]
20489	[66:0.01851482,1:0.01501674,76:0.01369247,69:0.01366748,5:0.01279296,0:0.01274299,75:0.01259307,2:0.01251812,74:0.01144371,3:0.01136875]
20490	[66:0.01851482,1:0.01501674,76:0.01369247,69:0.01366748,5:0.01279296,0:0.01274299,75:0.01259307,2:0.01251812,74:0.01144371,3:0.01136875]
1815	[69:0.01366748,5:0.01279296,74:0.01144371,79:0.009119984,6:0.008570286,201:0.008045575,199:0.007995603,84:0.007820698,61:0.007795712,70:0.007420918]
18142	[66:0.01851482,1:0.01501674,76:0.01369247,69:0.01366748,5:0.01279296,0:0.01274299,75:0.01259307,2:0.01251812,74:0.01144371,3:0.01136875]
1823	[76:0.01369247,69:0.01366748,0:0.01274299,74:0.01144371,63:0.009569736,79:0.009119984,202:0.008720204,54:0.00814552,201:0.008045575,199:0.007995603]
1831	[66:0.01851482,1:0.01501674,76:0.01369247,69:0.01366748,5:0.01279296,0:0.01274299,75:0.01259307,2:0.01251812,74:0.01144371,3:0.01136875]
1834	[79:0.009119984,202:0.008720204,19:0.00834541,199:0.007995603,205:0.007895658,70:0.007420918,198:0.007071111,67:0.00614662,307:0.006046674,53:0.005896757]
20491	[66:0.01851482,1:0.01501674,76:0.01369247,69:0.01366748,5:0.01279296,0:0.01274299,75:0.01259307,2:0.01251812,74:0.01144371,3:0.01136875]
1849	[66:0.01851482,1:0.01501674,76:0.01369247,69:0.01366748,5:0.01279296,0:0.01274299,75:0.01259307,74:0.01144371,3:0.01136875,22:0.01131877]
1866	[66:0.01851482,76:0.01369247,69:0.01366748,5:0.01279296,0:0.01274299,75:0.01259307,2:0.01251812,74:0.01144371,3:0.01136875,22:0.01131877]
20492	[66:0.01851482,1:0.01501674,76:0.01369247,69:0.01366748,5:0.01279296,0:0.01274299,75:0.01259307,2:0.01251812,74:0.01144371,3:0.01136875]
10939	[66:0.01851482,1:0.01501674,76:0.01369247,69:0.01366748,5:0.01279296,0:0.01274299,75:0.01259307,2:0.01251812,74:0.01144371,3:0.01136875]
20493	[66:0.01851482,1:0.01501674,76:0.01369247,69:0.01366748,5:0.01279296,0:0.01274299,75:0.01259307,2:0.01251812,74:0.01144371,3:0.01136875]
20494	[66:0.01851482,1:0.01501674,76:0.01369247,69:0.01366748,5:0.01279296,0:0.01274299,75:0.01259307,2:0.01251812,74:0.01144371,3:0.01136875]
20495	[66:0.01851482,1:0.01501674,76:0.01369247,69:0.01366748,5:0.01279296,0:0.01274299,75:0.01259307,2:0.01251812,74:0.01144371,3:0.01136875]
20496	[66:0.01851482,1:0.01501674,76:0.01369247,69:0.01366748,5:0.01279296,0:0.01274299,75:0.01259307,2:0.01251812,74:0.01144371,3:0.01136875]
20497	[66:0.01851482,1:0.01501674,76:0.01369247,69:0.01366748,5:0.01279296,0:0.01274299,75:0.01259307,2:0.01251812,74:0.01144371,3:0.01136875]
20498	[66:0.01851482,1:0.01501674,76:0.01369247,69:0.01366748,5:0.01279296,0:0.01274299,75:0.01259307,2:0.01251812,74:0.01144371,3:0.01136875]
20499	[66:0.01851482,1:0.01501674,76:0.01369247,69:0.01366748,5:0.01279296,0:0.01274299,75:0.01259307,2:0.01251812,74:0.01144371,3:0.01136875]
20500	[66:0.01851482,1:0.01501674,76:0.01369247,69:0.01366748,5:0.01279296,0:0.01274299,75:0.01259307,2:0.01251812,74:0.01144371,3:0.01136875]
20501	[66:0.01851482,1:0.01501674,76:0.01369247,69:0.01366748,5:0.01279296,0:0.01274299,75:0.01259307,2:0.01251812,74:0.01144371,3:0.01136875]
20502	[66:0.01851482,1:0.01501674,76:0.01369247,69:0.01366748,5:0.01279296,0:0.01274299,75:0.01259307,2:0.01251812,74:0.01144371,3:0.01136875]
20503	[66:0.01851482,1:0.01501674,76:0.01369247,69:0.01366748,5:0.01279296,0:0.01274299,75:0.01259307,2:0.01251812,74:0.01144371,3:0.01136875]
20504	[66:0.01851482,1:0.01501674,76:0.01369247,69:0.01366748,5:0.01279296,0:0.01274299,75:0.01259307,2:0.01251812,74:0.01144371,3:0.01136875]
20505	[66:0.01851482,1:0.01501674,76:0.01369247,69:0.01366748,5:0.01279296,0:0.01274299,75:0.01259307,2:0.01251812,74:0.01144371,3:0.01136875]
20506	[66:0.01851482,1:0.01501674,76:0.01369247,69:0.01366748,5:0.01279296,0:0.01274299,75:0.01259307,2:0.01251812,74:0.01144371,3:0.01136875]
20507	[66:0.01851482,1:0.01501674,76:0.01369247,69:0.01366748,5:0.01279296,0:0.01274299,75:0.01259307,2:0.01251812,74:0.01144371,3:0.01136875]
20508	[66:0.01851482,1:0.01501674,76:0.01369247,69:0.01366748,5:0.01279296,0:0.01274299,75:0.01259307,2:0.01251812,74:0.01144371,3:0.01136875]
20509	[66:0.01851482,1:0.01501674,76:0.01369247,69:0.01366748,5:0.01279296,0:0.01274299,75:0.01259307,2:0.01251812,74:0.01144371,3:0.01136875]
20510	[66:0.01851482,1:0.01501674,76:0.01369247,69:0.01366748,5:0.01279296,0:0.01274299,75:0.01259307,2:0.01251812,74:0.01144371,3:0.01136875]
20511	[66:0.01851482,1:0.01501674,76:0.01369247,69:0.01366748,5:0.01279296,0:0.01274299,75:0.01259307,2:0.01251812,74:0.01144371,3:0.01136875]
20512	[66:0.01851482,1:0.01501674,76:0.01369247,69:0.01366748,5:0.01279296,0:0.01274299,75:0.01259307,2:0.01251812,74:0.01144371,3:0.01136875]
20513	[66:0.01851482,1:0.01501674,76:0.01369247,69:0.01366748,5:0.01279296,0:0.01274299,75:0.01259307,2:0.01251812,74:0.01144371,3:0.01136875]
20514	[66:0.01851482,1:0.01501674,76:0.01369247,69:0.01366748,5:0.01279296,0:0.01274299,75:0.01259307,2:0.01251812,74:0.01144371,3:0.01136875]
20515	[66:0.01851482,1:0.01501674,76:0.01369247,69:0.01366748,5:0.01279296,0:0.01274299,75:0.01259307,2:0.01251812,74:0.01144371,3:0.01136875]
20516	[66:0.01851482,1:0.01501674,76:0.01369247,69:0.01366748,5:0.01279296,0:0.01274299,75:0.01259307,2:0.01251812,74:0.01144371,3:0.01136875]
20517	[66:0.01851482,1:0.01501674,76:0.01369247,69:0.01366748,5:0.01279296,0:0.01274299,75:0.01259307,2:0.01251812,74:0.01144371,3:0.01136875]
20518	[66:0.01851482,1:0.01501674,76:0.01369247,69:0.01366748,5:0.01279296,0:0.01274299,75:0.01259307,2:0.01251812,74:0.01144371,3:0.01136875]
20519	[66:0.01851482,1:0.01501674,76:0.01369247,69:0.01366748,5:0.01279296,0:0.01274299,75:0.01259307,2:0.01251812,74:0.01144371,3:0.01136875]
20520	[66:0.01851482,1:0.01501674,76:0.01369247,69:0.01366748,5:0.01279296,0:0.01274299,75:0.01259307,2:0.01251812,74:0.01144371,3:0.01136875]
20521	[66:0.01851482,1:0.01501674,76:0.01369247,69:0.01366748,5:0.01279296,0:0.01274299,75:0.01259307,2:0.01251812,74:0.01144371,3:0.01136875]
20522	[66:0.01851482,1:0.01501674,76:0.01369247,69:0.01366748,5:0.01279296,0:0.01274299,75:0.01259307,2:0.01251812,74:0.01144371,3:0.01136875]
20523	[66:0.01851482,1:0.01501674,76:0.01369247,69:0.01366748,5:0.01279296,0:0.01274299,75:0.01259307,2:0.01251812,74:0.01144371,3:0.01136875]
20524	[66:0.01851482,1:0.01501674,76:0.01369247,69:0.01366748,5:0.01279296,0:0.01274299,75:0.01259307,2:0.01251812,74:0.01144371,3:0.01136875]
20525	[66:0.01851482,1:0.01501674,76:0.01369247,69:0.01366748,5:0.01279296,0:0.01274299,75:0.01259307,2:0.01251812,74:0.01144371,3:0.01136875]
20526	[66:0.01851482,1:0.01501674,76:0.01369247,69:0.01366748,5:0.01279296,0:0.01274299,75:0.01259307,2:0.01251812,74:0.01144371,3:0.01136875]
20527	[66:0.01851482,1:0.01501674,76:0.01369247,69:0.01366748,5:0.01279296,0:0.01274299,75:0.01259307,2:0.01251812,74:0.01144371,3:0.01136875]
20528	[66:0.01851482,1:0.01501674,76:0.01369247,69:0.01366748,5:0.01279296,0:0.01274299,75:0.01259307,2:0.01251812,74:0.01144371,3:0.01136875]
20529	[66:0.01851482,1:0.01501674,76:0.01369247,69:0.01366748,5:0.01279296,0:0.01274299,75:0.01259307,2:0.01251812,74:0.01144371,3:0.01136875]
20530	[66:0.01851482,1:0.01501674,76:0.01369247,69:0.01366748,5:0.01279296,0:0.01274299,75:0.01259307,2:0.01251812,74:0.01144371,3:0.01136875]
20531	[66:0.01851482,1:0.01501674,76:0.01369247,69:0.01366748,5:0.01279296,0:0.01274299,75:0.01259307,2:0.01251812,74:0.01144371,3:0.01136875]
20532	[66:0.01851482,1:0.01501674,76:0.01369247,69:0.01366748,5:0.01279296,0:0.01274299,75:0.01259307,2:0.01251812,74:0.01144371,3:0.01136875]
20533	[66:0.01851482,1:0.01501674,76:0.01369247,69:0.01366748,5:0.01279296,0:0.01274299,75:0.01259307,2:0.01251812,74:0.01144371,3:0.01136875]
20534	[66:0.01851482,1:0.01501674,76:0.01369247,69:0.01366748,5:0.01279296,0:0.01274299,75:0.01259307,2:0.01251812,74:0.01144371,3:0.01136875]
514	[5:0.01279296,63:0.009569736,202:0.008720204,55:0.008695218,6:0.008570286,19:0.00834541,200:0.007595822,25:0.00734596,198:0.007071111,134:0.006896207]
4509	[76:0.01369247,75:0.01259307,2:0.01251812,74:0.01144371,22:0.01131877,79:0.009119984,202:0.008720204,55:0.008695218,6:0.008570286,54:0.00814552]
609	[66:0.01851482,1:0.01501674,76:0.01369247,69:0.01366748,5:0.01279296,0:0.01274299,75:0.01259307,2:0.01251812,74:0.01144371,3:0.01136875]
4621	[66:0.01851482,1:0.01501674,76:0.01369247,69:0.01366748,5:0.01279296,0:0.01274299,75:0.01259307,2:0.01251812,74:0.01144371,3:0.01136875]
4692	[1:0.01501674,76:0.01369247,69:0.01366748,5:0.01279296,0:0.01274299,75:0.01259307,2:0.01251812,74:0.01144371,3:0.01136875,22:0.01131877]
792	[202:0.008720204,19:0.00834541,199:0.007995603,113:0.007295987,198:0.007071111,115:0.006646344,106:0.006246564,67:0.00614662,307:0.006046674,53:0.005896757]
5186	[66:0.01851482,1:0.01501674,76:0.01369247,5:0.01279296,0:0.01274299,75:0.01259307,74:0.01144371,3:0.01136875,22:0.01131877,10:0.01029434]
5422	[66:0.01851482,1:0.01501674,69:0.01366748,5:0.01279296,0:0.01274299,75:0.01259307,2:0.01251812,74:0.01144371,3:0.01136875,22:0.01131877]
20535	[66:0.01851482,1:0.01501674,76:0.01369247,69:0.01366748,5:0.01279296,0:0.01274299,75:0.01259307,2:0.01251812,74:0.01144371,3:0.01136875]
5860	[66:0.01851482,1:0.01501674,76:0.01369247,69:0.01366748,5:0.01279296,0:0.01274299,75:0.01259307,2:0.01251812,74:0.01144371,3:0.01136875]
20536	[66:0.01851482,1:0.01501674,76:0.01369247,69:0.01366748,5:0.01279296,0:0.01274299,75:0.01259307,2:0.01251812,74:0.01144371,3:0.01136875]
5992	[66:0.01851482,1:0.01501674,76:0.01369247,69:0.01366748,5:0.01279296,75:0.01259307,2:0.01251812,74:0.01144371,3:0.01136875,22:0.01131877]
6006	[66:0.01851482,1:0.01501674,76:0.01369247,69:0.01366748,5:0.01279296,0:0.01274299,75:0.01259307,2:0.01251812,74:0.01144371,22:0.01131877]
6015	[66:0.01851482,1:0.01501674,76:0.01369247,69:0.01366748,5:0.01279296,0:0.01274299,75:0.01259307,2:0.01251812,74:0.01144371,3:0.01136875]
12992	[66:0.01851482,1:0.01501674,76:0.01369247,69:0.01366748,5:0.01279296,0:0.01274299,75:0.01259307,2:0.01251812,74:0.01144371,3:0.01136875]
20537	[66:0.01851482,1:0.01501674,76:0.01369247,69:0.01366748,5:0.01279296,0:0.01274299,75:0.01259307,2:0.01251812,74:0.01144371,3:0.01136875]
13306	[66:0.01851482,1:0.01501674,76:0.01369247,69:0.01366748,5:0.01279296,0:0.01274299,75:0.01259307,2:0.01251812,74:0.01144371,3:0.01136875]
20538	[66:0.01851482,1:0.01501674,76:0.01369247,69:0.01366748,5:0.01279296,0:0.01274299,75:0.01259307,2:0.01251812,74:0.01144371,3:0.01136875]
19682	[66:0.01851482,1:0.01501674,76:0.01369247,69:0.01366748,5:0.01279296,0:0.01274299,75:0.01259307,2:0.01251812,74:0.01144371,3:0.01136875]
20539	[66:0.01851482,1:0.01501674,76:0.01369247,69:0.01366748,5:0.01279296,0:0.01274299,75:0.01259307,2:0.01251812,74:0.01144371,3:0.01136875]
20540	[66:0.01851482,1:0.01501674,76:0.01369247,69:0.01366748,5:0.01279296,0:0.01274299,75:0.01259307,2:0.01251812,74:0.01144371,3:0.01136875]
20541	[66:0.01851482,1:0.01501674,76:0.01369247,69:0.01366748,5:0.01279296,0:0.01274299,75:0.01259307,2:0.01251812,74:0.01144371,3:0.01136875]
20542	[66:0.01851482,1:0.01501674,76:0.01369247,69:0.01366748,5:0.01279296,0:0.01274299,75:0.01259307,2:0.01251812,74:0.01144371,3:0.01136875]
20543	[66:0.01851482,1:0.01501674,76:0.01369247,69:0.01366748,5:0.01279296,0:0.01274299,75:0.01259307,2:0.01251812,74:0.01144371,3:0.01136875]
20544	[66:0.01851482,1:0.01501674,76:0.01369247,69:0.01366748,5:0.01279296,0:0.01274299,75:0.01259307,2:0.01251812,74:0.01144371,3:0.01136875]
20545	[66:0.01851482,1:0.01501674,76:0.01369247,69:0.01366748,5:0.01279296,0:0.01274299,75:0.01259307,2:0.01251812,74:0.01144371,3:0.01136875]
20546	[66:0.01851482,1:0.01501674,76:0.01369247,69:0.01366748,5:0.01279296,0:0.01274299,75:0.01259307,2:0.01251812,74:0.01144371,3:0.01136875]
20547	[66:0.01851482,1:0.01501674,76:0.01369247,69:0.01366748,5:0.01279296,0:0.01274299,75:0.01259307,2:0.01251812,74:0.01144371,3:0.01136875]
20548	[66:0.01851482,1:0.01501674,76:0.01369247,69:0.01366748,5:0.01279296,0:0.01274299,75:0.01259307,2:0.01251812,74:0.01144371,3:0.01136875]
20549	[66:0.01851482,1:0.01501674,76:0.01369247,69:0.01366748,5:0.01279296,0:0.01274299,75:0.01259307,2:0.01251812,74:0.01144371,3:0.01136875]
20550	[66:0.01851482,1:0.01501674,76:0.01369247,69:0.01366748,5:0.01279296,0:0.01274299,75:0.01259307,2:0.01251812,74:0.01144371,3:0.01136875]
20551	[66:0.01851482,1:0.01501674,76:0.01369247,69:0.01366748,5:0.01279296,0:0.01274299,75:0.01259307,2:0.01251812,74:0.01144371,3:0.01136875]
20552	[66:0.01851482,1:0.01501674,76:0.01369247,69:0.01366748,5:0.01279296,0:0.01274299,75:0.01259307,2:0.01251812,74:0.01144371,3:0.01136875]
20553	[66:0.01851482,1:0.01501674,76:0.01369247,69:0.01366748,5:0.01279296,0:0.01274299,75:0.01259307,2:0.01251812,74:0.01144371,3:0.01136875]
6199	[1:0.01501674,76:0.01369247,69:0.01366748,0:0.01274299,75:0.01259307,2:0.01251812,74:0.01144371,3:0.01136875,22:0.01131877,63:0.009569736]
20554	[66:0.01851482,1:0.01501674,76:0.01369247,69:0.01366748,5:0.01279296,0:0.01274299,75:0.01259307,2:0.01251812,74:0.01144371,3:0.01136875]
20555	[66:0.01851482,1:0.01501674,76:0.01369247,69:0.01366748,5:0.01279296,0:0.01274299,75:0.01259307,2:0.01251812,74:0.01144371,3:0.01136875]
17319	[66:0.01851482,1:0.01501674,76:0.01369247,69:0.01366748,5:0.01279296,0:0.01274299,75:0.01259307,2:0.01251812,74:0.01144371,3:0.01136875]
944	[66:0.01851482,1:0.01501674,76:0.01369247,69:0.01366748,5:0.01279296,0:0.01274299,75:0.01259307,2:0.01251812,74:0.01144371,3:0.01136875]
20556	[66:0.01851482,1:0.01501674,76:0.01369247,69:0.01366748,5:0.01279296,0:0.01274299,75:0.01259307,2:0.01251812,74:0.01144371,3:0.01136875]
20557	[66:0.01851482,1:0.01501674,76:0.01369247,69:0.01366748,5:0.01279296,0:0.01274299,75:0.01259307,2:0.01251812,74:0.01144371,3:0.01136875]
6664	[1:0.01501674,76:0.01369247,5:0.01279296,0:0.01274299,2:0.01251812,10:0.01029434,63:0.009569736,79:0.009119984,202:0.008720204,55:0.008695218]
7012	[66:0.01851482,1:0.01501674,76:0.01369247,69:0.01366748,5:0.01279296,0:0.01274299,75:0.01259307,2:0.01251812,74:0.01144371,3:0.01136875]
17888	[66:0.01851482,1:0.01501674,76:0.01369247,69:0.01366748,5:0.01279296,0:0.01274299,75:0.01259307,2:0.01251812,74:0.01144371,3:0.01136875]
7220	[66:0.01851482,69:0.01366748,5:0.01279296,0:0.01274299,75:0.01259307,2:0.01251812,74:0.01144371,3:0.01136875,22:0.01131877,10:0.01029434]
13958	[76:0.01369247,69:0.01366748,0:0.01274299,22:0.01131877,10:0.01029434,79:0.009119984,202:0.008720204,55:0.008695218,9:0.008695218,199:0.007995603]
20558	[66:0.01851482,1:0.01501674,76:0.01369247,69:0.01366748,5:0.01279296,0:0.01274299,75:0.01259307,2:0.01251812,74:0.01144371,3:0.01136875]
17896	[66:0.01851482,1:0.01501674,76:0.01369247,69:0.01366748,5:0.01279296,0:0.01274299,75:0.01259307,2:0.01251812,74:0.01144371,3:0.01136875]
20559	[66:0.01851482,1:0.01501674,76:0.01369247,69:0.01366748,5:0.01279296,0:0.01274299,75:0.01259307,2:0.01251812,74:0.01144371,3:0.01136875]
20560	[66:0.01851482,1:0.01501674,76:0.01369247,69:0.01366748,5:0.01279296,0:0.01274299,75:0.01259307,2:0.01251812,74:0.01144371,3:0.01136875]
14042	[66:0.01851482,1:0.01501674,76:0.01369247,69:0.01366748,5:0.01279296,0:0.01274299,75:0.01259307,2:0.01251812,74:0.01144371,3:0.01136875]
20013	[66:0.01851482,1:0.01501674,76:0.01369247,69:0.01366748,5:0.01279296,0:0.01274299,75:0.01259307,2:0.01251812,74:0.01144371,3:0.01136875]
14138	[66:0.01851482,1:0.01501674,76:0.01369247,69:0.01366748,5:0.01279296,0:0.01274299,75:0.01259307,2:0.01251812,74:0.01144371,3:0.01136875]
20561	[66:0.01851482,1:0.01501674,76:0.01369247,69:0.01366748,5:0.01279296,0:0.01274299,75:0.01259307,2:0.01251812,74:0.01144371,3:0.01136875]
20562	[66:0.01851482,1:0.01501674,76:0.01369247,69:0.01366748,5:0.01279296,0:0.01274299,75:0.01259307,2:0.01251812,74:0.01144371,3:0.01136875]
14214	[66:0.01851482,1:0.01501674,76:0.01369247,69:0.01366748,5:0.01279296,0:0.01274299,75:0.01259307,2:0.01251812,74:0.01144371,3:0.01136875]
14251	[66:0.01851482,1:0.01501674,76:0.01369247,69:0.01366748,5:0.01279296,0:0.01274299,75:0.01259307,2:0.01251812,74:0.01144371,3:0.01136875]
18720	[66:0.01851482,1:0.01501674,76:0.01369247,69:0.01366748,5:0.01279296,0:0.01274299,75:0.01259307,2:0.01251812,74:0.01144371,3:0.01136875]
20563	[66:0.01851482,1:0.01501674,76:0.01369247,69:0.01366748,5:0.01279296,0:0.01274299,75:0.01259307,2:0.01251812,74:0.01144371,3:0.01136875]
20564	[66:0.01851482,1:0.01501674,76:0.01369247,69:0.01366748,5:0.01279296,0:0.01274299,75:0.01259307,2:0.01251812,74:0.01144371,3:0.01136875]
20565	[66:0.01851482,1:0.01501674,76:0.01369247,69:0.01366748,5:0.01279296,0:0.01274299,75:0.01259307,2:0.01251812,74:0.01144371,3:0.01136875]
17907	[66:0.01851482,1:0.01501674,76:0.01369247,69:0.01366748,5:0.01279296,0:0.01274299,75:0.01259307,2:0.01251812,74:0.01144371,3:0.01136875]
8307	[66:0.01851482,1:0.01501674,76:0.01369247,5:0.01279296,0:0.01274299,75:0.01259307,2:0.01251812,74:0.01144371,3:0.01136875,22:0.01131877]
20566	[66:0.01851482,1:0.01501674,76:0.01369247,69:0.01366748,5:0.01279296,0:0.01274299,75:0.01259307,2:0.01251812,74:0.01144371,3:0.01136875]
8325	[66:0.01851482,76:0.01369247,69:0.01366748,5:0.01279296,0:0.01274299,75:0.01259307,74:0.01144371,22:0.01131877,10:0.01029434,63:0.009569736]
17909	[66:0.01851482,1:0.01501674,76:0.01369247,69:0.01366748,5:0.01279296,0:0.01274299,75:0.01259307,2:0.01251812,74:0.01144371,3:0.01136875]
20567	[66:0.01851482,1:0.01501674,76:0.01369247,69:0.01366748,5:0.01279296,0:0.01274299,75:0.01259307,2:0.01251812,74:0.01144371,3:0.01136875]
20568	[66:0.01851482,1:0.01501674,76:0.01369247,69:0.01366748,5:0.01279296,0:0.01274299,75:0.01259307,2:0.01251812,74:0.01144371,3:0.01136875]
20569	[66:0.01851482,1:0.01501674,76:0.01369247,69:0.01366748,5:0.01279296,0:0.01274299,75:0.01259307,2:0.01251812,74:0.01144371,3:0.01136875]
14863	[66:0.01851482,1:0.01501674,76:0.01369247,69:0.01366748,5:0.01279296,0:0.01274299,75:0.01259307,2:0.01251812,74:0.01144371,3:0.01136875]
20570	[66:0.01851482,1:0.01501674,76:0.01369247,69:0.01366748,5:0.01279296,0:0.01274299,75:0.01259307,2:0.01251812,74:0.01144371,3:0.01136875]
20571	[66:0.01851482,1:0.01501674,76:0.01369247,69:0.01366748,5:0.01279296,0:0.01274299,75:0.01259307,2:0.01251812,74:0.01144371,3:0.01136875]
20572	[66:0.01851482,1:0.01501674,76:0.01369247,69:0.01366748,5:0.01279296,0:0.01274299,75:0.01259307,2:0.01251812,74:0.01144371,3:0.01136875]
20573	[66:0.01851482,1:0.01501674,76:0.01369247,69:0.01366748,5:0.01279296,0:0.01274299,75:0.01259307,2:0.01251812,74:0.01144371,3:0.01136875]
20574	[66:0.01851482,1:0.01501674,76:0.01369247,69:0.01366748,5:0.01279296,0:0.01274299,75:0.01259307,2:0.01251812,74:0.01144371,3:0.01136875]
19492	[66:0.01851482,1:0.01501674,76:0.01369247,69:0.01366748,5:0.01279296,0:0.01274299,75:0.01259307,2:0.01251812,74:0.01144371,3:0.01136875]
20575	[66:0.01851482,1:0.01501674,76:0.01369247,69:0.01366748,5:0.01279296,0:0.01274299,75:0.01259307,2:0.01251812,74:0.01144371,3:0.01136875]
20576	[66:0.01851482,1:0.01501674,76:0.01369247,69:0.01366748,5:0.01279296,0:0.01274299,75:0.01259307,2:0.01251812,74:0.01144371,3:0.01136875]
20577	[66:0.01851482,1:0.01501674,76:0.01369247,69:0.01366748,5:0.01279296,0:0.01274299,75:0.01259307,2:0.01251812,74:0.01144371,3:0.01136875]
20578	[66:0.01851482,1:0.01501674,76:0.01369247,69:0.01366748,5:0.01279296,0:0.01274299,75:0.01259307,2:0.01251812,74:0.01144371,3:0.01136875]
20579	[66:0.01851482,1:0.01501674,76:0.01369247,69:0.01366748,5:0.01279296,0:0.01274299,75:0.01259307,2:0.01251812,74:0.01144371,3:0.01136875]
20580	[66:0.01851482,1:0.01501674,76:0.01369247,69:0.01366748,5:0.01279296,0:0.01274299,75:0.01259307,2:0.01251812,74:0.01144371,3:0.01136875]
20581	[66:0.01851482,1:0.01501674,76:0.01369247,69:0.01366748,5:0.01279296,0:0.01274299,75:0.01259307,2:0.01251812,74:0.01144371,3:0.01136875]
20582	[66:0.01851482,1:0.01501674,76:0.01369247,69:0.01366748,5:0.01279296,0:0.01274299,75:0.01259307,2:0.01251812,74:0.01144371,3:0.01136875]
20583	[66:0.01851482,1:0.01501674,76:0.01369247,69:0.01366748,5:0.01279296,0:0.01274299,75:0.01259307,2:0.01251812,74:0.01144371,3:0.01136875]
20584	[66:0.01851482,1:0.01501674,76:0.01369247,69:0.01366748,5:0.01279296,0:0.01274299,75:0.01259307,2:0.01251812,74:0.01144371,3:0.01136875]
20585	[66:0.01851482,1:0.01501674,76:0.01369247,69:0.01366748,5:0.01279296,0:0.01274299,75:0.01259307,2:0.01251812,74:0.01144371,3:0.01136875]
20586	[66:0.01851482,1:0.01501674,76:0.01369247,69:0.01366748,5:0.01279296,0:0.01274299,75:0.01259307,2:0.01251812,74:0.01144371,3:0.01136875]
20587	[66:0.01851482,1:0.01501674,76:0.01369247,69:0.01366748,5:0.01279296,0:0.01274299,75:0.01259307,2:0.01251812,74:0.01144371,3:0.01136875]
20588	[66:0.01851482,1:0.01501674,76:0.01369247,69:0.01366748,5:0.01279296,0:0.01274299,75:0.01259307,2:0.01251812,74:0.01144371,3:0.01136875]
20589	[66:0.01851482,1:0.01501674,76:0.01369247,69:0.01366748,5:0.01279296,0:0.01274299,75:0.01259307,2:0.01251812,74:0.01144371,3:0.01136875]
20590	[66:0.01851482,1:0.01501674,76:0.01369247,69:0.01366748,5:0.01279296,0:0.01274299,75:0.01259307,2:0.01251812,74:0.01144371,3:0.01136875]
20591	[66:0.01851482,1:0.01501674,76:0.01369247,69:0.01366748,5:0.01279296,0:0.01274299,75:0.01259307,2:0.01251812,74:0.01144371,3:0.01136875]
20592	[66:0.01851482,1:0.01501674,76:0.01369247,69:0.01366748,5:0.01279296,0:0.01274299,75:0.01259307,2:0.01251812,74:0.01144371,3:0.01136875]
20593	[66:0.01851482,1:0.01501674,76:0.01369247,69:0.01366748,5:0.01279296,0:0.01274299,75:0.01259307,2:0.01251812,74:0.01144371,3:0.01136875]
20594	[66:0.01851482,1:0.01501674,76:0.01369247,69:0.01366748,5:0.01279296,0:0.01274299,75:0.01259307,2:0.01251812,74:0.01144371,3:0.01136875]
9442	[66:0.01851482,1:0.01501674,76:0.01369247,69:0.01366748,5:0.01279296,75:0.01259307,2:0.01251812,74:0.01144371,3:0.01136875,22:0.01131877]
20595	[66:0.01851482,1:0.01501674,76:0.01369247,69:0.01366748,5:0.01279296,0:0.01274299,75:0.01259307,2:0.01251812,74:0.01144371,3:0.01136875]
20596	[66:0.01851482,1:0.01501674,76:0.01369247,69:0.01366748,5:0.01279296,0:0.01274299,75:0.01259307,2:0.01251812,74:0.01144371,3:0.01136875]
20597	[66:0.01851482,1:0.01501674,76:0.01369247,69:0.01366748,5:0.01279296,0:0.01274299,75:0.01259307,2:0.01251812,74:0.01144371,3:0.01136875]
9914	[69:0.01366748,5:0.01279296,2:0.01251812,3:0.01136875,22:0.01131877,10:0.01029434,63:0.009569736,79:0.009119984,202:0.008720204,55:0.008695218]
16075	[66:0.01851482,1:0.01501674,76:0.01369247,69:0.01366748,5:0.01279296,0:0.01274299,75:0.01259307,2:0.01251812,74:0.01144371,3:0.01136875]
17563	[66:0.01851482,1:0.01501674,76:0.01369247,69:0.01366748,5:0.01279296,75:0.01259307,2:0.01251812,3:0.01136875,22:0.01131877,10:0.01029434]
18049	[66:0.01851482,1:0.01501674,76:0.01369247,69:0.01366748,5:0.01279296,0:0.01274299,75:0.01259307,2:0.01251812,74:0.01144371,3:0.01136875]
20598	[66:0.01851482,1:0.01501674,76:0.01369247,69:0.01366748,5:0.01279296,0:0.01274299,75:0.01259307,2:0.01251812,74:0.01144371,3:0.01136875]
20599	[66:0.01851482,1:0.01501674,76:0.01369247,69:0.01366748,5:0.01279296,0:0.01274299,75:0.01259307,2:0.01251812,74:0.01144371,3:0.01136875]
20600	[66:0.01851482,1:0.01501674,76:0.01369247,69:0.01366748,5:0.01279296,0:0.01274299,75:0.01259307,2:0.01251812,74:0.01144371,3:0.01136875]
20601	[66:0.01851482,1:0.01501674,76:0.01369247,69:0.01366748,5:0.01279296,0:0.01274299,75:0.01259307,2:0.01251812,74:0.01144371,3:0.01136875]
20602	[66:0.01851482,1:0.01501674,76:0.01369247,69:0.01366748,5:0.01279296,0:0.01274299,75:0.01259307,2:0.01251812,74:0.01144371,3:0.01136875]
20603	[66:0.01851482,1:0.01501674,76:0.01369247,69:0.01366748,5:0.01279296,0:0.01274299,75:0.01259307,2:0.01251812,74:0.01144371,3:0.01136875]
19543	[66:0.01851482,1:0.01501674,76:0.01369247,69:0.01366748,5:0.01279296,0:0.01274299,75:0.01259307,2:0.01251812,74:0.01144371,3:0.01136875]
20604	[66:0.01851482,1:0.01501674,76:0.01369247,69:0.01366748,5:0.01279296,0:0.01274299,75:0.01259307,2:0.01251812,74:0.01144371,3:0.01136875]
20605	[66:0.01851482,1:0.01501674,76:0.01369247,69:0.01366748,5:0.01279296,0:0.01274299,75:0.01259307,2:0.01251812,74:0.01144371,3:0.01136875]
20606	[66:0.01851482,1:0.01501674,76:0.01369247,69:0.01366748,5:0.01279296,0:0.01274299,75:0.01259307,2:0.01251812,74:0.01144371,3:0.01136875]
20607	[66:0.01851482,1:0.01501674,76:0.01369247,69:0.01366748,5:0.01279296,0:0.01274299,75:0.01259307,2:0.01251812,74:0.01144371,3:0.01136875]
20608	[66:0.01851482,1:0.01501674,76:0.01369247,69:0.01366748,5:0.01279296,0:0.01274299,75:0.01259307,2:0.01251812,74:0.01144371,3:0.01136875]
20609	[66:0.01851482,1:0.01501674,76:0.01369247,69:0.01366748,5:0.01279296,0:0.01274299,75:0.01259307,2:0.01251812,74:0.01144371,3:0.01136875]
20610	[66:0.01851482,1:0.01501674,76:0.01369247,69:0.01366748,5:0.01279296,0:0.01274299,75:0.01259307,2:0.01251812,74:0.01144371,3:0.01136875]
20611	[66:0.01851482,1:0.01501674,76:0.01369247,69:0.01366748,5:0.01279296,0:0.01274299,75:0.01259307,2:0.01251812,74:0.01144371,3:0.01136875]
20612	[66:0.01851482,1:0.01501674,76:0.01369247,69:0.01366748,5:0.01279296,0:0.01274299,75:0.01259307,2:0.01251812,74:0.01144371,3:0.01136875]
20613	[66:0.01851482,1:0.01501674,76:0.01369247,69:0.01366748,5:0.01279296,0:0.01274299,75:0.01259307,2:0.01251812,74:0.01144371,3:0.01136875]
20614	[66:0.01851482,1:0.01501674,76:0.01369247,69:0.01366748,5:0.01279296,0:0.01274299,75:0.01259307,2:0.01251812,74:0.01144371,3:0.01136875]
16653	[66:0.01851482,1:0.01501674,76:0.01369247,69:0.01366748,5:0.01279296,0:0.01274299,75:0.01259307,2:0.01251812,74:0.01144371,3:0.01136875]
20615	[66:0.01851482,1:0.01501674,76:0.01369247,69:0.01366748,5:0.01279296,0:0.01274299,75:0.01259307,2:0.01251812,74:0.01144371,3:0.01136875]
19564	[66:0.01851482,76:0.01369247,69:0.01366748,5:0.01279296,0:0.01274299,75:0.01259307,2:0.01251812,74:0.01144371,3:0.01136875,22:0.01131877]
20616	[66:0.01851482,1:0.01501674,76:0.01369247,69:0.01366748,5:0.01279296,0:0.01274299,75:0.01259307,2:0.01251812,74:0.01144371,3:0.01136875]
20617	[66:0.01851482,1:0.01501674,76:0.01369247,69:0.01366748,5:0.01279296,0:0.01274299,75:0.01259307,2:0.01251812,74:0.01144371,3:0.01136875]
20618	[66:0.01851482,1:0.01501674,76:0.01369247,69:0.01366748,5:0.01279296,0:0.01274299,75:0.01259307,2:0.01251812,74:0.01144371,3:0.01136875]
20619	[66:0.01851482,1:0.01501674,76:0.01369247,69:0.01366748,5:0.01279296,0:0.01274299,75:0.01259307,2:0.01251812,74:0.01144371,3:0.01136875]
20620	[66:0.01851482,1:0.01501674,76:0.01369247,69:0.01366748,5:0.01279296,0:0.01274299,75:0.01259307,2:0.01251812,74:0.01144371,3:0.01136875]
20621	[66:0.01851482,1:0.01501674,76:0.01369247,69:0.01366748,5:0.01279296,0:0.01274299,75:0.01259307,2:0.01251812,74:0.01144371,3:0.01136875]
20622	[66:0.01851482,1:0.01501674,76:0.01369247,69:0.01366748,5:0.01279296,0:0.01274299,75:0.01259307,2:0.01251812,74:0.01144371,3:0.01136875]
20623	[66:0.01851482,1:0.01501674,76:0.01369247,69:0.01366748,5:0.01279296,0:0.01274299,75:0.01259307,2:0.01251812,74:0.01144371,3:0.01136875]
20624	[66:0.01851482,1:0.01501674,76:0.01369247,69:0.01366748,5:0.01279296,0:0.01274299,75:0.01259307,2:0.01251812,74:0.01144371,3:0.01136875]
20625	[66:0.01851482,1:0.01501674,76:0.01369247,69:0.01366748,5:0.01279296,0:0.01274299,75:0.01259307,2:0.01251812,74:0.01144371,3:0.01136875]
20626	[66:0.01851482,1:0.01501674,76:0.01369247,69:0.01366748,5:0.01279296,0:0.01274299,75:0.01259307,2:0.01251812,74:0.01144371,3:0.01136875]
20627	[66:0.01851482,1:0.01501674,76:0.01369247,69:0.01366748,5:0.01279296,0:0.01274299,75:0.01259307,2:0.01251812,74:0.01144371,3:0.01136875]
20628	[66:0.01851482,1:0.01501674,76:0.01369247,69:0.01366748,5:0.01279296,0:0.01274299,75:0.01259307,2:0.01251812,74:0.01144371,3:0.01136875]
20629	[66:0.01851482,1:0.01501674,76:0.01369247,69:0.01366748,5:0.01279296,0:0.01274299,75:0.01259307,2:0.01251812,74:0.01144371,3:0.01136875]
20630	[66:0.01851482,1:0.01501674,76:0.01369247,69:0.01366748,5:0.01279296,0:0.01274299,75:0.01259307,2:0.01251812,74:0.01144371,3:0.01136875]
20631	[66:0.01851482,1:0.01501674,76:0.01369247,69:0.01366748,5:0.01279296,0:0.01274299,75:0.01259307,2:0.01251812,74:0.01144371,3:0.01136875]
20632	[66:0.01851482,1:0.01501674,76:0.01369247,69:0.01366748,5:0.01279296,0:0.01274299,75:0.01259307,2:0.01251812,74:0.01144371,3:0.01136875]
20633	[66:0.01851482,1:0.01501674,76:0.01369247,69:0.01366748,5:0.01279296,0:0.01274299,75:0.01259307,2:0.01251812,74:0.01144371,3:0.01136875]
20634	[66:0.01851482,1:0.01501674,76:0.01369247,69:0.01366748,5:0.01279296,0:0.01274299,75:0.01259307,2:0.01251812,74:0.01144371,3:0.01136875]
20635	[66:0.01851482,1:0.01501674,76:0.01369247,69:0.01366748,5:0.01279296,0:0.01274299,75:0.01259307,2:0.01251812,74:0.01144371,3:0.01136875]
20636	[66:0.01851482,1:0.01501674,76:0.01369247,69:0.01366748,5:0.01279296,0:0.01274299,75:0.01259307,2:0.01251812,74:0.01144371,3:0.01136875]
20637	[66:0.01851482,1:0.01501674,76:0.01369247,69:0.01366748,5:0.01279296,0:0.01274299,75:0.01259307,2:0.01251812,74:0.01144371,3:0.01136875]
20638	[66:0.01851482,1:0.01501674,76:0.01369247,69:0.01366748,5:0.01279296,0:0.01274299,75:0.01259307,2:0.01251812,74:0.01144371,3:0.01136875]
20639	[66:0.01851482,1:0.01501674,76:0.01369247,69:0.01366748,5:0.01279296,0:0.01274299,75:0.01259307,2:0.01251812,74:0.01144371,3:0.01136875]
20640	[66:0.01851482,1:0.01501674,76:0.01369247,69:0.01366748,5:0.01279296,0:0.01274299,75:0.01259307,2:0.01251812,74:0.01144371,3:0.01136875]
20641	[66:0.01851482,1:0.01501674,76:0.01369247,69:0.01366748,5:0.01279296,0:0.01274299,75:0.01259307,2:0.01251812,74:0.01144371,3:0.01136875]
20642	[66:0.01851482,1:0.01501674,76:0.01369247,69:0.01366748,5:0.01279296,0:0.01274299,75:0.01259307,2:0.01251812,74:0.01144371,3:0.01136875]
20643	[66:0.01851482,1:0.01501674,76:0.01369247,69:0.01366748,5:0.01279296,0:0.01274299,75:0.01259307,2:0.01251812,74:0.01144371,3:0.01136875]
20644	[66:0.01851482,1:0.01501674,76:0.01369247,69:0.01366748,5:0.01279296,0:0.01274299,75:0.01259307,2:0.01251812,74:0.01144371,3:0.01136875]
16754	[66:0.01851482,1:0.01501674,76:0.01369247,69:0.01366748,5:0.01279296,0:0.01274299,75:0.01259307,2:0.01251812,74:0.01144371,3:0.01136875]
20645	[66:0.01851482,1:0.01501674,76:0.01369247,69:0.01366748,5:0.01279296,0:0.01274299,75:0.01259307,2:0.01251812,74:0.01144371,3:0.01136875]
20646	[66:0.01851482,1:0.01501674,76:0.01369247,69:0.01366748,5:0.01279296,0:0.01274299,75:0.01259307,2:0.01251812,74:0.01144371,3:0.01136875]
20647	[66:0.01851482,1:0.01501674,76:0.01369247,69:0.01366748,5:0.01279296,0:0.01274299,75:0.01259307,2:0.01251812,74:0.01144371,3:0.01136875]
20648	[66:0.01851482,1:0.01501674,76:0.01369247,69:0.01366748,5:0.01279296,0:0.01274299,75:0.01259307,2:0.01251812,74:0.01144371,3:0.01136875]
20649	[66:0.01851482,1:0.01501674,76:0.01369247,69:0.01366748,5:0.01279296,0:0.01274299,75:0.01259307,2:0.01251812,74:0.01144371,3:0.01136875]
20650	[66:0.01851482,1:0.01501674,76:0.01369247,69:0.01366748,5:0.01279296,0:0.01274299,75:0.01259307,2:0.01251812,74:0.01144371,3:0.01136875]
20651	[66:0.01851482,1:0.01501674,76:0.01369247,69:0.01366748,5:0.01279296,0:0.01274299,75:0.01259307,2:0.01251812,74:0.01144371,3:0.01136875]
20652	[66:0.01851482,1:0.01501674,76:0.01369247,69:0.01366748,5:0.01279296,0:0.01274299,75:0.01259307,2:0.01251812,74:0.01144371,3:0.01136875]
20653	[66:0.01851482,1:0.01501674,76:0.01369247,69:0.01366748,5:0.01279296,0:0.01274299,75:0.01259307,2:0.01251812,74:0.01144371,3:0.01136875]
20654	[66:0.01851482,1:0.01501674,76:0.01369247,69:0.01366748,5:0.01279296,0:0.01274299,75:0.01259307,2:0.01251812,74:0.01144371,3:0.01136875]
20655	[66:0.01851482,1:0.01501674,76:0.01369247,69:0.01366748,5:0.01279296,0:0.01274299,75:0.01259307,2:0.01251812,74:0.01144371,3:0.01136875]
20656	[66:0.01851482,1:0.01501674,76:0.01369247,69:0.01366748,5:0.01279296,0:0.01274299,75:0.01259307,2:0.01251812,74:0.01144371,3:0.01136875]
20657	[66:0.01851482,1:0.01501674,76:0.01369247,69:0.01366748,5:0.01279296,0:0.01274299,75:0.01259307,2:0.01251812,74:0.01144371,3:0.01136875]
18133	[66:0.01851482,1:0.01501674,76:0.01369247,69:0.01366748,5:0.01279296,0:0.01274299,75:0.01259307,2:0.01251812,74:0.01144371,3:0.01136875]
20658	[66:0.01851482,1:0.01501674,76:0.01369247,69:0.01366748,5:0.01279296,0:0.01274299,75:0.01259307,2:0.01251812,74:0.01144371,3:0.01136875]
20659	[66:0.01851482,1:0.01501674,76:0.01369247,69:0.01366748,5:0.01279296,0:0.01274299,75:0.01259307,2:0.01251812,74:0.01144371,3:0.01136875]
1858	[66:0.01851482,1:0.01501674,76:0.01369247,5:0.01279296,0:0.01274299,75:0.01259307,2:0.01251812,74:0.01144371,3:0.01136875,22:0.01131877]
10946	[66:0.01851482,1:0.01501674,76:0.01369247,69:0.01366748,5:0.01279296,0:0.01274299,75:0.01259307,2:0.01251812,74:0.01144371,3:0.01136875]
